Executing action: all (aliases: build)
Running cmake in directory /project/GitHub/esp32c6_xiao/c6_matter_thread_sd40_v1_oled/build
Executing "cmake -G Ninja -DPYTHON_DEPS_CHECKED=1 -DPYTHON=/opt/esp/python_env/idf5.4_py3.12_env/bin/python -DESP_PLATFORM=1 -DCCACHE_ENABLE=1 /project/GitHub/esp32c6_xiao/c6_matter_thread_sd40_v1_oled"...
-- Found Git: /usr/bin/git (found version "2.43.0")
IDF_VERSION: 5.4.1; idf version number: 5.4.1
Sequence of SDKCONFIG files: sdkconfig.defaults
-- Component directory /workspace/esp-matter/examples/common/blemesh_platform does not contain a CMakeLists.txt file. No component will be added
-- Component directory /workspace/esp-matter/examples/common/cmake_common does not contain a CMakeLists.txt file. No component will be added
-- Component directory /workspace/esp-matter/examples/common/external_platform does not contain a CMakeLists.txt file. No component will be added
-- Component directory /workspace/esp-matter/examples/common/manufacturing_data_provider does not contain a CMakeLists.txt file. No component will be added
-- Component directory /workspace/esp-matter/examples/common/relinker does not contain a CMakeLists.txt file. No component will be added
-- Component directory /workspace/esp-matter/examples/common/utils does not contain a CMakeLists.txt file. No component will be added
-- ccache will be used for faster recompilation
-- The C compiler identification is GNU 14.2.0
-- The CXX compiler identification is GNU 14.2.0
-- The ASM compiler identification is GNU
-- Found assembler: /opt/esp/tools/riscv32-esp-elf/esp-14.2.0_20241119/riscv32-esp-elf/bin/riscv32-esp-elf-gcc
-- Detecting C compiler ABI info
-- Detecting C compiler ABI info - done
-- Check for working C compiler: /opt/esp/tools/riscv32-esp-elf/esp-14.2.0_20241119/riscv32-esp-elf/bin/riscv32-esp-elf-gcc - skipped
-- Detecting C compile features
-- Detecting C compile features - done
-- Detecting CXX compiler ABI info
-- Detecting CXX compiler ABI info - done
-- Check for working CXX compiler: /opt/esp/tools/riscv32-esp-elf/esp-14.2.0_20241119/riscv32-esp-elf/bin/riscv32-esp-elf-g++ - skipped
-- Detecting CXX compile features
-- Detecting CXX compile features - done
-- Building ESP-IDF components for target esp32c6
NOTICE: Skipping optional dependency: espressif/esp_wifi_remote
NOTICE: Skipping optional dependency: espressif/esp_hosted
NOTICE: Skipping optional dependency: espressif/esp_wifi_remote
NOTICE: Skipping optional dependency: espressif/esp_hosted
NOTICE: Skipping optional dependency: espressif/esp_wifi_remote
NOTICE: Skipping optional dependency: espressif/esp_hosted
NOTICE: Skipping optional dependency: espressif/esp_wifi_remote
NOTICE: Skipping optional dependency: espressif/esp_hosted
NOTICE: Processing 18 dependencies:
NOTICE: [1/18] espressif/button (4.1.5)
NOTICE: [2/18] espressif/cbor (0.6.1~4)
NOTICE: [3/18] espressif/cmake_utilities (1.1.1)
NOTICE: [4/18] espressif/esp-serial-flasher (0.0.11)
NOTICE: [5/18] espressif/esp_delta_ota (1.1.4)
NOTICE: [6/18] espressif/esp_diag_data_store (1.1.0)
NOTICE: [7/18] espressif/esp_diagnostics (1.3.0)
NOTICE: [8/18] espressif/esp_encrypted_img (2.3.0)
NOTICE: [9/18] espressif/esp_insights (1.3.1)
NOTICE: [10/18] espressif/esp_rcp_update (1.3.1)
NOTICE: [11/18] espressif/esp_secure_cert_mgr (2.8.0)
NOTICE: [12/18] espressif/jsmn (1.1.0)
NOTICE: [13/18] espressif/json_generator (1.1.2)
NOTICE: [14/18] espressif/json_parser (1.0.3)
NOTICE: [15/18] espressif/led_strip (1.0.0)
NOTICE: [16/18] espressif/mdns (1.9.1)
NOTICE: [17/18] espressif/rmaker_common (1.5.3)
NOTICE: [18/18] idf (5.4.1)
-- Found Python3: /opt/esp/python_env/idf5.4_py3.12_env/bin/python3.12 (found version "3.12.3") found components: Interpreter
NOTICE: Skipping optional dependency: espressif/esp_wifi_remote
NOTICE: Skipping optional dependency: espressif/esp_hosted
NOTICE: button overrides espressif__button since "project_extra_components" type got higher priority than "project_managed_components"
-- Project sdkconfig file /project/GitHub/esp32c6_xiao/c6_matter_thread_sd40_v1_oled/sdkconfig
warning: default on the choice symbol SEC_CERT_DAC_PROVIDER (defined at /workspace/esp-matter/connectedhomeip/connectedhomeip/config/esp32/components/chip/Kconfig:833, /workspace/esp-matter/components/esp_matter/Kconfig:48) will have no effect, as defaults do not affect choice symbols
warning: the choice symbol SEC_CERT_DAC_PROVIDER (defined at /workspace/esp-matter/connectedhomeip/connectedhomeip/config/esp32/components/chip/Kconfig:833, /workspace/esp-matter/components/esp_matter/Kconfig:48) is defined with a prompt outside the choice
info: INFO: Symbol SEC_CERT_DAC_PROVIDER defined in multiple locations (see below). Please check if this is a correct behavior or a random name match:
    /workspace/esp-matter/components/esp_matter/Kconfig:48
    /workspace/esp-matter/connectedhomeip/connectedhomeip/config/esp32/components/chip/Kconfig:833
Loading defaults file /project/GitHub/esp32c6_xiao/c6_matter_thread_sd40_v1_oled/sdkconfig.defaults...
/tmp/kconfgen_tmp0uk5itgz:6 line was updated to # ==================== Target Configuration ====================n
/tmp/kconfgen_tmp0uk5itgz:9 line was updated to # ==================== Partition Table ====================n
/tmp/kconfgen_tmp0uk5itgz:14 line was updated to # ==================== OpenThread Configuration ====================n
/tmp/kconfgen_tmp0uk5itgz:23 line was updated to # ==================== IEEE 802.15.4 Radio ====================n
/tmp/kconfgen_tmp0uk5itgz:26 line was updated to # ==================== LWIP Configuration ====================n
/tmp/kconfgen_tmp0uk5itgz:37 line was updated to # ==================== Matter/CHIP Configuration ====================n
/tmp/kconfgen_tmp0uk5itgz:42 line was updated to # ==================== NVS Encryption (for Matter security) ====================n
/tmp/kconfgen_tmp0uk5itgz:46 line was updated to # ==================== Mbedtls Configuration ====================n
/tmp/kconfgen_tmp0uk5itgz:63 line was updated to # ==================== FreeRTOS Configuration ====================n
/tmp/kconfgen_tmp0uk5itgz:68 line was updated to # ==================== SPI Flash ====================n
/tmp/kconfgen_tmp0uk5itgz:74 line was updated to # ==================== Log Configuration ====================n
/tmp/kconfgen_tmp0uk5itgz:81 line was updated to # ==================== ESP System Configuration ====================n
/tmp/kconfgen_tmp0uk5itgz:87 line was updated to # ==================== I2C Configuration (for SCD40 and OLED) ====================n
/tmp/kconfgen_tmp0uk5itgz:91 line was updated to # ==================== Button Configuration ====================n
/tmp/kconfgen_tmp0uk5itgz:96 line was updated to # ==================== ESP Console ====================n
warning: unknown kconfig symbol 'OPENTHREAD_DNS_CLIENT_SERVICE_DISCOVERY' assigned to 'y' in /project/GitHub/esp32c6_xiao/c6_matter_thread_sd40_v1_oled/sdkconfig.defaults
warning: unknown kconfig symbol 'MBEDTLS_KEY_EXCHANGE_ECJPAKE_ENABLED' assigned to 'y' in /project/GitHub/esp32c6_xiao/c6_matter_thread_sd40_v1_oled/sdkconfig.defaults
warning: unknown kconfig symbol 'MBEDTLS_DYNAMIC_FREE_PEER_CERT' assigned to 'y' in /project/GitHub/esp32c6_xiao/c6_matter_thread_sd40_v1_oled/sdkconfig.defaults
warning: unknown kconfig symbol 'BUTTON_PERIOD_TIME_MS' assigned to '10' in /project/GitHub/esp32c6_xiao/c6_matter_thread_sd40_v1_oled/sdkconfig.defaults
warning: unknown kconfig symbol 'BUTTON_DEBOUNCE_TICKS' assigned to '3' in /project/GitHub/esp32c6_xiao/c6_matter_thread_sd40_v1_oled/sdkconfig.defaults
warning: unknown kconfig symbol 'BUTTON_LONG_PRESS_TIME_MS' assigned to '3000' in /project/GitHub/esp32c6_xiao/c6_matter_thread_sd40_v1_oled/sdkconfig.defaults
-- Adding linker script /opt/esp/idf/components/riscv/ld/rom.api.ld
-- Found Python3: /opt/esp/python_env/idf5.4_py3.12_env/bin/python (found version "3.12.3") found components: Interpreter
-- Performing Test CMAKE_HAVE_LIBC_PTHREAD
-- Performing Test CMAKE_HAVE_LIBC_PTHREAD - Success
-- Found Threads: TRUE
-- Performing Test C_COMPILER_SUPPORTS_WFORMAT_SIGNEDNESS
-- Performing Test C_COMPILER_SUPPORTS_WFORMAT_SIGNEDNESS - Success
-- App "matter_scd40_oled" version: 1.0
-- Adding linker script /project/GitHub/esp32c6_xiao/c6_matter_thread_sd40_v1_oled/build/esp-idf/esp_system/ld/memory.ld
-- Adding linker script /project/GitHub/esp32c6_xiao/c6_matter_thread_sd40_v1_oled/build/esp-idf/esp_system/ld/sections.ld.in
-- Adding linker script /opt/esp/idf/components/esp_rom/esp32c6/ld/esp32c6.rom.ld
-- Adding linker script /opt/esp/idf/components/esp_rom/esp32c6/ld/esp32c6.rom.api.ld
-- Adding linker script /opt/esp/idf/components/esp_rom/esp32c6/ld/esp32c6.rom.rvfp.ld
-- Adding linker script /opt/esp/idf/components/esp_rom/esp32c6/ld/esp32c6.rom.wdt.ld
-- Adding linker script /opt/esp/idf/components/esp_rom/esp32c6/ld/esp32c6.rom.systimer.ld
-- Adding linker script /opt/esp/idf/components/esp_rom/esp32c6/ld/esp32c6.rom.version.ld
-- Adding linker script /opt/esp/idf/components/esp_rom/esp32c6/ld/esp32c6.rom.phy.ld
-- Adding linker script /opt/esp/idf/components/esp_rom/esp32c6/ld/esp32c6.rom.coexist.ld
-- Adding linker script /opt/esp/idf/components/esp_rom/esp32c6/ld/esp32c6.rom.net80211.ld
-- Adding linker script /opt/esp/idf/components/esp_rom/esp32c6/ld/esp32c6.rom.pp.ld
-- Adding linker script /opt/esp/idf/components/esp_rom/esp32c6/ld/esp32c6.rom.newlib.ld
-- Adding linker script /opt/esp/idf/components/esp_rom/esp32c6/ld/esp32c6.rom.newlib-normal.ld
-- Adding linker script /opt/esp/idf/components/esp_rom/esp32c6/ld/esp32c6.rom.heap.ld
-- Adding linker script /opt/esp/idf/components/soc/esp32c6/ld/esp32c6.peripherals.ld
ESP Insights Project commit: 92c3f25-dirty
-- Components: app_bridge app_reset app_trace app_update bootloader bootloader_support bt button chip cmock console cxx device driver efuse esp-tls esp_adc esp_app_format esp_bootloader_format esp_coex esp_common esp_driver_ana_cmpr esp_driver_cam esp_driver_dac esp_driver_gpio esp_driver_gptimer esp_driver_i2c esp_driver_i2s esp_driver_isp esp_driver_jpeg esp_driver_ledc esp_driver_mcpwm esp_driver_parlio esp_driver_pcnt esp_driver_ppa esp_driver_rmt esp_driver_sdio esp_driver_sdm esp_driver_sdmmc esp_driver_sdspi esp_driver_spi esp_driver_touch_sens esp_driver_tsens esp_driver_uart esp_driver_usb_serial_jtag esp_eth esp_event esp_gdbstub esp_hid esp_http_client esp_http_server esp_https_ota esp_https_server esp_hw_support esp_lcd esp_local_ctrl esp_matter esp_matter_bridge esp_matter_console esp_matter_controller esp_matter_ota_provider esp_matter_rainmaker esp_mm esp_netif esp_netif_stack esp_partition esp_phy esp_pm esp_psram esp_ringbuf esp_rom esp_security esp_system esp_timer esp_vfs_console esp_wifi espcoredump espressif__cbor espressif__cmake_utilities espressif__esp-serial-flasher espressif__esp_delta_ota espressif__esp_diag_data_store espressif__esp_diagnostics espressif__esp_encrypted_img espressif__esp_insights espressif__esp_rcp_update espressif__esp_secure_cert_mgr espressif__jsmn espressif__json_generator espressif__json_parser espressif__led_strip espressif__mdns espressif__rmaker_common esptool_py fatfs freertos hal heap http_parser idf_test ieee802154 json led_driver log lwip main mbedtls mqtt newlib nvs_flash nvs_sec_provider oled_display openthread partition_table protobuf-c protocomm pthread riscv rt sdmmc soc spi_flash spiffs tcp_transport ulp unity usb vfs wear_levelling wifi_provisioning wpa_supplicant
-- Component paths: /workspace/esp-matter/examples/common/app_bridge /workspace/esp-matter/examples/common/app_reset /opt/esp/idf/components/app_trace /opt/esp/idf/components/app_update /opt/esp/idf/components/bootloader /opt/esp/idf/components/bootloader_support /opt/esp/idf/components/bt /workspace/esp-matter/device_hal/button_driver/button /workspace/esp-matter/connectedhomeip/connectedhomeip/config/esp32/components/chip /opt/esp/idf/components/cmock /opt/esp/idf/components/console /opt/esp/idf/components/cxx /workspace/esp-matter/device_hal/device /opt/esp/idf/components/driver /opt/esp/idf/components/efuse /opt/esp/idf/components/esp-tls /opt/esp/idf/components/esp_adc /opt/esp/idf/components/esp_app_format /opt/esp/idf/components/esp_bootloader_format /opt/esp/idf/components/esp_coex /opt/esp/idf/components/esp_common /opt/esp/idf/components/esp_driver_ana_cmpr /opt/esp/idf/components/esp_driver_cam /opt/esp/idf/components/esp_driver_dac /opt/esp/idf/components/esp_driver_gpio /opt/esp/idf/components/esp_driver_gptimer /opt/esp/idf/components/esp_driver_i2c /opt/esp/idf/components/esp_driver_i2s /opt/esp/idf/components/esp_driver_isp /opt/esp/idf/components/esp_driver_jpeg /opt/esp/idf/components/esp_driver_ledc /opt/esp/idf/components/esp_driver_mcpwm /opt/esp/idf/components/esp_driver_parlio /opt/esp/idf/components/esp_driver_pcnt /opt/esp/idf/components/esp_driver_ppa /opt/esp/idf/components/esp_driver_rmt /opt/esp/idf/components/esp_driver_sdio /opt/esp/idf/components/esp_driver_sdm /opt/esp/idf/components/esp_driver_sdmmc /opt/esp/idf/components/esp_driver_sdspi /opt/esp/idf/components/esp_driver_spi /opt/esp/idf/components/esp_driver_touch_sens /opt/esp/idf/components/esp_driver_tsens /opt/esp/idf/components/esp_driver_uart /opt/esp/idf/components/esp_driver_usb_serial_jtag /opt/esp/idf/components/esp_eth /opt/esp/idf/components/esp_event /opt/esp/idf/components/esp_gdbstub /opt/esp/idf/components/esp_hid /opt/esp/idf/components/esp_http_client /opt/esp/idf/components/esp_http_server /opt/esp/idf/components/esp_https_ota /opt/esp/idf/components/esp_https_server /opt/esp/idf/components/esp_hw_support /opt/esp/idf/components/esp_lcd /opt/esp/idf/components/esp_local_ctrl /workspace/esp-matter/components/esp_matter /workspace/esp-matter/components/esp_matter_bridge /workspace/esp-matter/components/esp_matter_console /workspace/esp-matter/components/esp_matter_controller /workspace/esp-matter/components/esp_matter_ota_provider /workspace/esp-matter/components/esp_matter_rainmaker /opt/esp/idf/components/esp_mm /opt/esp/idf/components/esp_netif /opt/esp/idf/components/esp_netif_stack /opt/esp/idf/components/esp_partition /opt/esp/idf/components/esp_phy /opt/esp/idf/components/esp_pm /opt/esp/idf/components/esp_psram /opt/esp/idf/components/esp_ringbuf /opt/esp/idf/components/esp_rom /opt/esp/idf/components/esp_security /opt/esp/idf/components/esp_system /opt/esp/idf/components/esp_timer /opt/esp/idf/components/esp_vfs_console /opt/esp/idf/components/esp_wifi /opt/esp/idf/components/espcoredump /project/GitHub/esp32c6_xiao/c6_matter_thread_sd40_v1_oled/managed_components/espressif__cbor /project/GitHub/esp32c6_xiao/c6_matter_thread_sd40_v1_oled/managed_components/espressif__cmake_utilities /project/GitHub/esp32c6_xiao/c6_matter_thread_sd40_v1_oled/managed_components/espressif__esp-serial-flasher /project/GitHub/esp32c6_xiao/c6_matter_thread_sd40_v1_oled/managed_components/espressif__esp_delta_ota /project/GitHub/esp32c6_xiao/c6_matter_thread_sd40_v1_oled/managed_components/espressif__esp_diag_data_store /project/GitHub/esp32c6_xiao/c6_matter_thread_sd40_v1_oled/managed_components/espressif__esp_diagnostics /project/GitHub/esp32c6_xiao/c6_matter_thread_sd40_v1_oled/managed_components/espressif__esp_encrypted_img /project/GitHub/esp32c6_xiao/c6_matter_thread_sd40_v1_oled/managed_components/espressif__esp_insights /project/GitHub/esp32c6_xiao/c6_matter_thread_sd40_v1_oled/managed_components/espressif__esp_rcp_update /project/GitHub/esp32c6_xiao/c6_matter_thread_sd40_v1_oled/managed_components/espressif__esp_secure_cert_mgr /project/GitHub/esp32c6_xiao/c6_matter_thread_sd40_v1_oled/managed_components/espressif__jsmn /project/GitHub/esp32c6_xiao/c6_matter_thread_sd40_v1_oled/managed_components/espressif__json_generator /project/GitHub/esp32c6_xiao/c6_matter_thread_sd40_v1_oled/managed_components/espressif__json_parser /project/GitHub/esp32c6_xiao/c6_matter_thread_sd40_v1_oled/managed_components/espressif__led_strip /project/GitHub/esp32c6_xiao/c6_matter_thread_sd40_v1_oled/managed_components/espressif__mdns /project/GitHub/esp32c6_xiao/c6_matter_thread_sd40_v1_oled/managed_components/espressif__rmaker_common /opt/esp/idf/components/esptool_py /opt/esp/idf/components/fatfs /opt/esp/idf/components/freertos /opt/esp/idf/components/hal /opt/esp/idf/components/heap /opt/esp/idf/components/http_parser /opt/esp/idf/components/idf_test /opt/esp/idf/components/ieee802154 /opt/esp/idf/components/json /workspace/esp-matter/device_hal/led_driver /opt/esp/idf/components/log /opt/esp/idf/components/lwip /project/GitHub/esp32c6_xiao/c6_matter_thread_sd40_v1_oled/main /opt/esp/idf/components/mbedtls /opt/esp/idf/components/mqtt /opt/esp/idf/components/newlib /opt/esp/idf/components/nvs_flash /opt/esp/idf/components/nvs_sec_provider /project/GitHub/esp32c6_xiao/c6_matter_thread_sd40_v1_oled/components/oled_display /opt/esp/idf/components/openthread /opt/esp/idf/components/partition_table /opt/esp/idf/components/protobuf-c /opt/esp/idf/components/protocomm /opt/esp/idf/components/pthread /opt/esp/idf/components/riscv /opt/esp/idf/components/rt /opt/esp/idf/components/sdmmc /opt/esp/idf/components/soc /opt/esp/idf/components/spi_flash /opt/esp/idf/components/spiffs /opt/esp/idf/components/tcp_transport /opt/esp/idf/components/ulp /opt/esp/idf/components/unity /opt/esp/idf/components/usb /opt/esp/idf/components/vfs /opt/esp/idf/components/wear_levelling /opt/esp/idf/components/wifi_provisioning /opt/esp/idf/components/wpa_supplicant
-- Configuring done (5.5s)
-- Generating done (0.8s)
-- Build files have been written to: /project/GitHub/esp32c6_xiao/c6_matter_thread_sd40_v1_oled/build
Running ninja in directory /project/GitHub/esp32c6_xiao/c6_matter_thread_sd40_v1_oled/build
Executing "ninja all"...
[1/1655] Generating project_elf_src_esp32c6.c
[2/1655] Generating /project/GitHub/esp32c6_xiao/c6_matter_thread_sd40_v1_oled/build/esp-idf/esp_system/ld/memory.ld linker script...
[3/1655] Generating /project/GitHub/esp32c6_xiao/c6_matter_thread_sd40_v1_oled/build/esp-idf/esp_system/ld/sections.ld.in linker script...
[4/1655] Generating args.gn
[5/1655] Generating ../../partition_table/partition-table.bin
Partition table binary generated. Contents:
*******************************************************************************
# ESP-IDF Partition Table
# Name, Type, SubType, Offset, Size, Flags
nvs,data,nvs,0x9000,24K,
phy_init,data,phy,0xf000,4K,
factory,app,factory,0x10000,1280K,
ota_0,app,ota_0,0x150000,1280K,
ota_1,app,ota_1,0x290000,1280K,
nvs_keys,data,nvs_keys,0x3d0000,4K,
fctry,data,nvs,0x3d1000,24K,
*******************************************************************************
[6/1655] Building C object esp-idf/mbedtls/mbedtls/3rdparty/everest/CMakeFiles/everest.dir/library/x25519.c.obj
[7/1655] Building C object esp-idf/mbedtls/mbedtls/3rdparty/everest/CMakeFiles/everest.dir/library/Hacl_Curve25519_joined.c.obj
[8/1655] Building C object esp-idf/mbedtls/mbedtls/library/CMakeFiles/mbedcrypto.dir/aesce.c.obj
[9/1655] Building C object esp-idf/mbedtls/mbedtls/library/CMakeFiles/mbedcrypto.dir/aesni.c.obj
[10/1655] Building C object esp-idf/mbedtls/mbedtls/3rdparty/everest/CMakeFiles/everest.dir/library/everest.c.obj
[11/1655] Building C object esp-idf/mbedtls/mbedtls/3rdparty/p256-m/CMakeFiles/p256m.dir/p256-m/p256-m.c.obj
[12/1655] Building C object esp-idf/mbedtls/mbedtls/library/CMakeFiles/mbedcrypto.dir/asn1parse.c.obj
[13/1655] Building C object esp-idf/mbedtls/mbedtls/3rdparty/p256-m/CMakeFiles/p256m.dir/p256-m_driver_entrypoints.c.obj
[14/1655] Building C object esp-idf/mbedtls/mbedtls/library/CMakeFiles/mbedcrypto.dir/aes.c.obj
[15/1655] Building C object esp-idf/mbedtls/mbedtls/library/CMakeFiles/mbedcrypto.dir/asn1write.c.obj
[16/1655] Building C object esp-idf/mbedtls/mbedtls/library/CMakeFiles/mbedcrypto.dir/bignum_mod.c.obj
[17/1655] Building C object esp-idf/mbedtls/mbedtls/library/CMakeFiles/mbedcrypto.dir/aria.c.obj
[18/1655] Building C object esp-idf/mbedtls/mbedtls/library/CMakeFiles/mbedcrypto.dir/base64.c.obj
[19/1655] Building C object esp-idf/mbedtls/mbedtls/library/CMakeFiles/mbedcrypto.dir/bignum_mod_raw.c.obj
[20/1655] Building C object esp-idf/mbedtls/mbedtls/library/CMakeFiles/mbedcrypto.dir/block_cipher.c.obj
[21/1655] Building C object esp-idf/mbedtls/mbedtls/library/CMakeFiles/mbedcrypto.dir/camellia.c.obj
[22/1655] Building C object esp-idf/mbedtls/mbedtls/library/CMakeFiles/mbedcrypto.dir/chachapoly.c.obj
[23/1655] Building C object esp-idf/mbedtls/mbedtls/library/CMakeFiles/mbedcrypto.dir/chacha20.c.obj
[24/1655] Building C object esp-idf/mbedtls/mbedtls/library/CMakeFiles/mbedcrypto.dir/bignum_core.c.obj
[25/1655] Building C object esp-idf/mbedtls/mbedtls/library/CMakeFiles/mbedcrypto.dir/constant_time.c.obj
[26/1655] Building C object esp-idf/mbedtls/mbedtls/library/CMakeFiles/mbedcrypto.dir/des.c.obj
[27/1655] Building C object esp-idf/mbedtls/mbedtls/library/CMakeFiles/mbedcrypto.dir/dhm.c.obj
[28/1655] Building C object esp-idf/mbedtls/mbedtls/library/CMakeFiles/mbedcrypto.dir/cipher_wrap.c.obj
[29/1655] Building C object esp-idf/mbedtls/mbedtls/library/CMakeFiles/mbedcrypto.dir/ccm.c.obj
[30/1655] Building C object esp-idf/mbedtls/mbedtls/library/CMakeFiles/mbedcrypto.dir/cmac.c.obj
[31/1655] Building C object esp-idf/mbedtls/mbedtls/library/CMakeFiles/mbedcrypto.dir/ctr_drbg.c.obj
[32/1655] Building C object esp-idf/mbedtls/mbedtls/library/CMakeFiles/mbedcrypto.dir/bignum.c.obj
[33/1655] Building C object esp-idf/mbedtls/mbedtls/library/CMakeFiles/mbedcrypto.dir/ecdh.c.obj
[34/1655] Building C object esp-idf/mbedtls/mbedtls/library/CMakeFiles/mbedcrypto.dir/cipher.c.obj
[35/1655] Building C object esp-idf/mbedtls/mbedtls/library/CMakeFiles/mbedcrypto.dir/ecp_curves_new.c.obj
[36/1655] Building C object esp-idf/mbedtls/mbedtls/library/CMakeFiles/mbedcrypto.dir/ecdsa.c.obj
[37/1655] Building C object esp-idf/mbedtls/mbedtls/library/CMakeFiles/mbedcrypto.dir/entropy_poll.c.obj
[38/1655] Building C object esp-idf/mbedtls/mbedtls/library/CMakeFiles/mbedcrypto.dir/hkdf.c.obj
[39/1655] Building C object esp-idf/mbedtls/mbedtls/library/CMakeFiles/mbedcrypto.dir/ecjpake.c.obj
[40/1655] Building C object esp-idf/mbedtls/mbedtls/library/CMakeFiles/mbedcrypto.dir/entropy.c.obj
[41/1655] Building C object esp-idf/mbedtls/mbedtls/library/CMakeFiles/mbedcrypto.dir/ecp_curves.c.obj
[42/1655] Building C object esp-idf/mbedtls/mbedtls/library/CMakeFiles/mbedcrypto.dir/hmac_drbg.c.obj
[43/1655] Building C object esp-idf/mbedtls/mbedtls/library/CMakeFiles/mbedcrypto.dir/nist_kw.c.obj
[44/1655] Building C object esp-idf/mbedtls/mbedtls/library/CMakeFiles/mbedcrypto.dir/lmots.c.obj
[45/1655] Building C object esp-idf/mbedtls/mbedtls/library/CMakeFiles/mbedcrypto.dir/memory_buffer_alloc.c.obj
[46/1655] Building C object esp-idf/mbedtls/mbedtls/library/CMakeFiles/mbedcrypto.dir/ecp.c.obj
[47/1655] Building C object esp-idf/mbedtls/mbedtls/library/CMakeFiles/mbedcrypto.dir/gcm.c.obj
[48/1655] Building C object esp-idf/mbedtls/mbedtls/library/CMakeFiles/mbedcrypto.dir/padlock.c.obj
[49/1655] Building C object esp-idf/mbedtls/mbedtls/library/CMakeFiles/mbedcrypto.dir/error.c.obj
[50/1655] Building C object esp-idf/mbedtls/mbedtls/library/CMakeFiles/mbedcrypto.dir/md5.c.obj
[51/1655] Building C object esp-idf/mbedtls/mbedtls/library/CMakeFiles/mbedcrypto.dir/lms.c.obj
[52/1655] Building C object esp-idf/mbedtls/mbedtls/library/CMakeFiles/mbedcrypto.dir/md.c.obj
[53/1655] Building C object esp-idf/mbedtls/mbedtls/library/CMakeFiles/mbedcrypto.dir/platform.c.obj
[54/1655] Building C object esp-idf/mbedtls/mbedtls/library/CMakeFiles/mbedcrypto.dir/pem.c.obj
[55/1655] Building C object esp-idf/mbedtls/mbedtls/library/CMakeFiles/mbedcrypto.dir/oid.c.obj
[56/1655] Building C object esp-idf/mbedtls/mbedtls/library/CMakeFiles/mbedcrypto.dir/poly1305.c.obj
[57/1655] Building C object esp-idf/mbedtls/mbedtls/library/CMakeFiles/mbedcrypto.dir/platform_util.c.obj
[58/1655] Building C object esp-idf/mbedtls/mbedtls/library/CMakeFiles/mbedcrypto.dir/pk_ecc.c.obj
[59/1655] Building C object esp-idf/mbedtls/mbedtls/library/CMakeFiles/mbedcrypto.dir/pkcs12.c.obj
[60/1655] Building C object esp-idf/mbedtls/mbedtls/library/CMakeFiles/mbedcrypto.dir/pk.c.obj
[61/1655] Building C object esp-idf/mbedtls/mbedtls/library/CMakeFiles/mbedcrypto.dir/pk_wrap.c.obj
[62/1655] Building C object esp-idf/mbedtls/mbedtls/library/CMakeFiles/mbedcrypto.dir/pkcs5.c.obj
[63/1655] Building C object esp-idf/mbedtls/mbedtls/library/CMakeFiles/mbedcrypto.dir/pkwrite.c.obj
[64/1655] Building C object esp-idf/mbedtls/mbedtls/library/CMakeFiles/mbedcrypto.dir/pkparse.c.obj
[65/1655] Building C object esp-idf/mbedtls/mbedtls/library/CMakeFiles/mbedcrypto.dir/psa_crypto_client.c.obj
[66/1655] Building C object esp-idf/mbedtls/mbedtls/library/CMakeFiles/mbedcrypto.dir/psa_crypto_hash.c.obj
[67/1655] Building C object esp-idf/mbedtls/mbedtls/library/CMakeFiles/mbedcrypto.dir/psa_crypto_driver_wrappers_no_static.c.obj
[68/1655] Building C object esp-idf/mbedtls/mbedtls/library/CMakeFiles/mbedcrypto.dir/psa_crypto_aead.c.obj
[69/1655] Building C object esp-idf/mbedtls/mbedtls/library/CMakeFiles/mbedcrypto.dir/psa_crypto_se.c.obj
[70/1655] Building C object esp-idf/mbedtls/mbedtls/library/CMakeFiles/mbedcrypto.dir/psa_crypto_cipher.c.obj
[71/1655] Building C object esp-idf/mbedtls/mbedtls/library/CMakeFiles/mbedcrypto.dir/psa_crypto_ffdh.c.obj
[72/1655] Building C object esp-idf/mbedtls/mbedtls/library/CMakeFiles/mbedcrypto.dir/psa_crypto_mac.c.obj
[73/1655] Building C object esp-idf/mbedtls/mbedtls/library/CMakeFiles/mbedcrypto.dir/psa_crypto_ecp.c.obj
[74/1655] Building C object esp-idf/mbedtls/mbedtls/library/CMakeFiles/mbedcrypto.dir/psa_crypto_pake.c.obj
[75/1655] Building C object esp-idf/mbedtls/mbedtls/library/CMakeFiles/mbedcrypto.dir/ripemd160.c.obj
[76/1655] Building C object esp-idf/mbedtls/mbedtls/library/CMakeFiles/mbedcrypto.dir/psa_its_file.c.obj
[77/1655] Building C object esp-idf/mbedtls/mbedtls/library/CMakeFiles/mbedcrypto.dir/rsa_alt_helpers.c.obj
[78/1655] Building C object esp-idf/mbedtls/mbedtls/library/CMakeFiles/mbedcrypto.dir/psa_crypto_rsa.c.obj
[79/1655] Building C object esp-idf/mbedtls/mbedtls/library/CMakeFiles/mbedcrypto.dir/sha1.c.obj
[80/1655] Building C object esp-idf/mbedtls/mbedtls/library/CMakeFiles/mbedcrypto.dir/sha3.c.obj
[81/1655] Building C object esp-idf/mbedtls/mbedtls/library/CMakeFiles/mbedcrypto.dir/sha256.c.obj
[82/1655] Building C object esp-idf/mbedtls/mbedtls/library/CMakeFiles/mbedcrypto.dir/psa_util.c.obj
[83/1655] Building C object esp-idf/mbedtls/mbedtls/library/CMakeFiles/mbedcrypto.dir/psa_crypto_storage.c.obj
[84/1655] Building C object esp-idf/mbedtls/mbedtls/library/CMakeFiles/mbedcrypto.dir/timing.c.obj
[85/1655] Building C object esp-idf/mbedtls/mbedtls/library/CMakeFiles/mbedcrypto.dir/psa_crypto_slot_management.c.obj
[86/1655] Building C object esp-idf/mbedtls/mbedtls/library/CMakeFiles/mbedcrypto.dir/threading.c.obj
[87/1655] Building C object esp-idf/mbedtls/mbedtls/library/CMakeFiles/mbedcrypto.dir/version.c.obj
[88/1655] Building C object esp-idf/mbedtls/mbedtls/library/CMakeFiles/mbedcrypto.dir/version_features.c.obj
[89/1655] Building C object esp-idf/mbedtls/mbedtls/library/CMakeFiles/mbedcrypto.dir/sha512.c.obj
[90/1655] Building C object esp-idf/mbedtls/mbedtls/library/CMakeFiles/mbedcrypto.dir/opt/esp/idf/components/mbedtls/port/sha/dma/esp_sha_gdma_impl.c.obj
[91/1655] Building C object esp-idf/mbedtls/mbedtls/library/CMakeFiles/mbedcrypto.dir/opt/esp/idf/components/mbedtls/port/aes/dma/esp_aes_gdma_impl.c.obj
[92/1655] Building C object esp-idf/mbedtls/mbedtls/library/CMakeFiles/mbedcrypto.dir/opt/esp/idf/components/mbedtls/port/esp_mem.c.obj
[93/1655] Building C object esp-idf/mbedtls/mbedtls/library/CMakeFiles/mbedcrypto.dir/rsa.c.obj
[94/1655] Building C object esp-idf/mbedtls/mbedtls/library/CMakeFiles/mbedcrypto.dir/opt/esp/idf/components/mbedtls/port/aes/esp_aes_xts.c.obj
[95/1655] Building C object esp-idf/mbedtls/mbedtls/library/CMakeFiles/mbedcrypto.dir/opt/esp/idf/components/mbedtls/port/esp_hardware.c.obj
[96/1655] Building C object esp-idf/mbedtls/mbedtls/library/CMakeFiles/mbedcrypto.dir/opt/esp/idf/components/mbedtls/port/esp_timing.c.obj
[97/1655] Building C object esp-idf/mbedtls/mbedtls/library/CMakeFiles/mbedcrypto.dir/opt/esp/idf/components/mbedtls/port/aes/esp_aes_common.c.obj
[98/1655] Building C object esp-idf/mbedtls/mbedtls/library/CMakeFiles/mbedcrypto.dir/opt/esp/idf/components/mbedtls/port/sha/esp_sha.c.obj
[99/1655] Building C object esp-idf/mbedtls/mbedtls/library/CMakeFiles/mbedcrypto.dir/opt/esp/idf/components/mbedtls/port/crypto_shared_gdma/esp_crypto_shared_gdma.c.obj
[100/1655] Building C object esp-idf/mbedtls/mbedtls/library/CMakeFiles/mbedcrypto.dir/psa_crypto.c.obj
[101/1655] Building C object esp-idf/mbedtls/mbedtls/library/CMakeFiles/mbedcrypto.dir/opt/esp/idf/components/mbedtls/port/aes/dma/esp_aes.c.obj
[102/1655] Building C object esp-idf/mbedtls/mbedtls/library/CMakeFiles/mbedcrypto.dir/opt/esp/idf/components/mbedtls/port/sha/dma/esp_sha512.c.obj
[103/1655] Building C object esp-idf/mbedtls/mbedtls/library/CMakeFiles/mbedcrypto.dir/opt/esp/idf/components/mbedtls/port/aes/dma/esp_aes_dma_core.c.obj
[104/1655] Building C object esp-idf/mbedtls/mbedtls/library/CMakeFiles/mbedcrypto.dir/opt/esp/idf/components/mbedtls/port/sha/dma/sha.c.obj
[105/1655] Building C object esp-idf/mbedtls/mbedtls/library/CMakeFiles/mbedcrypto.dir/opt/esp/idf/components/mbedtls/port/ecc/esp_ecc.c.obj
[106/1655] Building C object esp-idf/mbedtls/mbedtls/library/CMakeFiles/mbedcrypto.dir/opt/esp/idf/components/mbedtls/port/bignum/bignum_alt.c.obj
[107/1655] Building C object esp-idf/mbedtls/mbedtls/library/CMakeFiles/mbedcrypto.dir/opt/esp/idf/components/mbedtls/port/sha/dma/esp_sha1.c.obj
[108/1655] Building C object esp-idf/mbedtls/mbedtls/library/CMakeFiles/mbedcrypto.dir/opt/esp/idf/components/mbedtls/port/sha/dma/esp_sha256.c.obj
[109/1655] Building C object esp-idf/mbedtls/mbedtls/library/CMakeFiles/mbedcrypto.dir/opt/esp/idf/components/mbedtls/port/md/esp_md.c.obj
[110/1655] Building C object esp-idf/mbedtls/mbedtls/library/CMakeFiles/mbedcrypto.dir/opt/esp/idf/components/mbedtls/port/bignum/esp_bignum.c.obj
[111/1655] Building C object esp-idf/mbedtls/mbedtls/library/CMakeFiles/mbedcrypto.dir/opt/esp/idf/components/mbedtls/port/ecc/ecc_alt.c.obj
[112/1655] Building C object esp-idf/mbedtls/mbedtls/library/CMakeFiles/mbedcrypto.dir/opt/esp/idf/components/mbedtls/port/aes/esp_aes_gcm.c.obj
[113/1655] Building C object esp-idf/mbedtls/mbedtls/library/CMakeFiles/mbedcrypto.dir/opt/esp/idf/components/mbedtls/port/esp_ds/esp_rsa_sign_alt.c.obj
[114/1655] Building C object esp-idf/mbedtls/mbedtls/library/CMakeFiles/mbedtls.dir/debug.c.obj
[115/1655] Building C object esp-idf/mbedtls/mbedtls/library/CMakeFiles/mbedtls.dir/mps_trace.c.obj
[116/1655] Building C object esp-idf/mbedtls/mbedtls/library/CMakeFiles/mbedtls.dir/mps_reader.c.obj
[117/1655] Building C object esp-idf/mbedtls/mbedtls/library/CMakeFiles/mbedx509.dir/pkcs7.c.obj
[118/1655] Building C object esp-idf/mbedtls/mbedtls/library/CMakeFiles/mbedx509.dir/x509_crl.c.obj
[119/1655] Building C object esp-idf/mbedtls/mbedtls/library/CMakeFiles/mbedx509.dir/x509_create.c.obj
[120/1655] Building C object esp-idf/mbedtls/mbedtls/library/CMakeFiles/mbedx509.dir/x509write.c.obj
[121/1655] Building C object esp-idf/mbedtls/mbedtls/library/CMakeFiles/mbedx509.dir/x509_csr.c.obj
[122/1655] Building C object esp-idf/mbedtls/mbedtls/library/CMakeFiles/mbedx509.dir/x509.c.obj
[123/1655] Building C object esp-idf/mbedtls/mbedtls/library/CMakeFiles/mbedx509.dir/x509write_csr.c.obj
[124/1655] Building C object esp-idf/mbedtls/mbedtls/library/CMakeFiles/mbedx509.dir/x509write_crt.c.obj
[125/1655] Building C object esp-idf/mbedtls/mbedtls/library/CMakeFiles/mbedtls.dir/ssl_debug_helpers_generated.c.obj
[126/1655] Building C object esp-idf/mbedtls/mbedtls/library/CMakeFiles/mbedtls.dir/ssl_tls13_keys.c.obj
[127/1655] Building C object esp-idf/mbedtls/mbedtls/library/CMakeFiles/mbedtls.dir/ssl_cache.c.obj
[128/1655] Building C object esp-idf/mbedtls/mbedtls/library/CMakeFiles/mbedtls.dir/ssl_tls13_server.c.obj
[129/1655] Building C object esp-idf/mbedtls/mbedtls/library/CMakeFiles/mbedtls.dir/ssl_ciphersuites.c.obj
[130/1655] Building C object esp-idf/mbedtls/mbedtls/library/CMakeFiles/mbedtls.dir/ssl_cookie.c.obj
[131/1655] Building C object esp-idf/mbedtls/mbedtls/library/CMakeFiles/mbedtls.dir/ssl_client.c.obj
[132/1655] Creating directories for 'bootloader'
[133/1655] No download step for 'bootloader'
[134/1655] No update step for 'bootloader'
[135/1655] No patch step for 'bootloader'
[136/1655] Building C object esp-idf/mbedtls/mbedtls/library/CMakeFiles/mbedx509.dir/x509_crt.c.obj
[137/1655] Building C object esp-idf/mbedtls/mbedtls/library/CMakeFiles/mbedtls.dir/ssl_tls13_client.c.obj
[138/1655] Building C object esp-idf/mbedtls/mbedtls/library/CMakeFiles/mbedtls.dir/ssl_tls13_generic.c.obj
[139/1655] Building C object esp-idf/mbedtls/mbedtls/library/CMakeFiles/mbedtls.dir/ssl_ticket.c.obj
[140/1655] Building C object esp-idf/esp_bootloader_format/CMakeFiles/__idf_esp_bootloader_format.dir/esp_bootloader_desc.c.obj
[141/1655] Building C object esp-idf/mbedtls/mbedtls/library/CMakeFiles/mbedtls.dir/opt/esp/idf/components/mbedtls/port/esp_platform_time.c.obj
[142/1655] Building C object esp-idf/app_update/CMakeFiles/__idf_app_update.dir/esp_ota_app_desc.c.obj
[143/1655] Building C object esp-idf/esp_app_format/CMakeFiles/__idf_esp_app_format.dir/esp_app_desc.c.obj
[144/1655] Building C object esp-idf/mbedtls/mbedtls/library/CMakeFiles/mbedtls.dir/ssl_msg.c.obj
[145/1655] Building C object esp-idf/mbedtls/mbedtls/library/CMakeFiles/mbedtls.dir/ssl_tls12_client.c.obj
[146/1655] Building C object esp-idf/mbedtls/mbedtls/library/CMakeFiles/mbedtls.dir/opt/esp/idf/components/mbedtls/port/mbedtls_debug.c.obj
[147/1655] Building C object esp-idf/mbedtls/mbedtls/library/CMakeFiles/mbedtls.dir/ssl_tls12_server.c.obj
[148/1655] Building C object esp-idf/efuse/CMakeFiles/__idf_efuse.dir/esp32c6/esp_efuse_table.c.obj
[149/1655] Building C object esp-idf/app_update/CMakeFiles/__idf_app_update.dir/esp_ota_ops.c.obj
[150/1655] Building C object esp-idf/esp_partition/CMakeFiles/__idf_esp_partition.dir/partition_target.c.obj
[151/1655] Building C object esp-idf/efuse/CMakeFiles/__idf_efuse.dir/esp32c6/esp_efuse_fields.c.obj
[152/1655] Building C object esp-idf/esp_partition/CMakeFiles/__idf_esp_partition.dir/partition.c.obj
[153/1655] Building C object esp-idf/efuse/CMakeFiles/__idf_efuse.dir/esp32c6/esp_efuse_rtc_calib.c.obj
[154/1655] Building C object esp-idf/mbedtls/mbedtls/library/CMakeFiles/mbedtls.dir/ssl_tls.c.obj
[155/1655] Building C object esp-idf/efuse/CMakeFiles/__idf_efuse.dir/esp32c6/esp_efuse_utility.c.obj
[156/1655] Building C object esp-idf/efuse/CMakeFiles/__idf_efuse.dir/src/esp_efuse_fields.c.obj
[157/1655] Building C object esp-idf/efuse/CMakeFiles/__idf_efuse.dir/src/esp_efuse_utility.c.obj
[158/1655] Building C object esp-idf/efuse/CMakeFiles/__idf_efuse.dir/src/efuse_controller/keys/with_key_purposes/esp_efuse_api_key.c.obj
[159/1655] Building C object esp-idf/efuse/CMakeFiles/__idf_efuse.dir/src/esp_efuse_startup.c.obj
[160/1655] Building C object esp-idf/efuse/CMakeFiles/__idf_efuse.dir/src/esp_efuse_api.c.obj
[161/1655] Building C object esp-idf/mbedtls/mbedtls/library/CMakeFiles/mbedtls.dir/opt/esp/idf/components/mbedtls/port/net_sockets.c.obj
[162/1655] Building C object esp-idf/bootloader_support/CMakeFiles/__idf_bootloader_support.dir/src/bootloader_clock_init.c.obj
[163/1655] Building C object esp-idf/bootloader_support/CMakeFiles/__idf_bootloader_support.dir/src/bootloader_mem.c.obj
[164/1655] Building C object esp-idf/bootloader_support/CMakeFiles/__idf_bootloader_support.dir/src/bootloader_random.c.obj
[165/1655] Building C object esp-idf/bootloader_support/CMakeFiles/__idf_bootloader_support.dir/src/bootloader_efuse.c.obj
[166/1655] Building C object esp-idf/bootloader_support/CMakeFiles/__idf_bootloader_support.dir/src/bootloader_common.c.obj
[167/1655] Building C object esp-idf/bootloader_support/CMakeFiles/__idf_bootloader_support.dir/src/bootloader_random_esp32c6.c.obj
[168/1655] Building C object esp-idf/bootloader_support/CMakeFiles/__idf_bootloader_support.dir/src/bootloader_common_loader.c.obj
[169/1655] Building C object esp-idf/bootloader_support/CMakeFiles/__idf_bootloader_support.dir/src/secure_boot.c.obj
[170/1655] Building C object esp-idf/bootloader_support/CMakeFiles/__idf_bootloader_support.dir/src/flash_encrypt.c.obj
[171/1655] Building C object esp-idf/bootloader_support/CMakeFiles/__idf_bootloader_support.dir/src/flash_partitions.c.obj
[172/1655] Building C object esp-idf/esp_mm/CMakeFiles/__idf_esp_mm.dir/port/esp32c6/ext_mem_layout.c.obj
[173/1655] Building C object esp-idf/bootloader_support/CMakeFiles/__idf_bootloader_support.dir/bootloader_flash/src/flash_qio_mode.c.obj
[174/1655] Building C object esp-idf/bootloader_support/CMakeFiles/__idf_bootloader_support.dir/src/esp32c6/secure_boot_secure_features.c.obj
[175/1655] Building C object esp-idf/spi_flash/CMakeFiles/__idf_spi_flash.dir/flash_brownout_hook.c.obj
[176/1655] Building C object esp-idf/bootloader_support/CMakeFiles/__idf_bootloader_support.dir/bootloader_flash/src/bootloader_flash.c.obj
[177/1655] Building C object esp-idf/esp_mm/CMakeFiles/__idf_esp_mm.dir/heap_align_hw.c.obj
[178/1655] Building C object esp-idf/bootloader_support/CMakeFiles/__idf_bootloader_support.dir/src/idf/bootloader_sha.c.obj
[179/1655] Building C object esp-idf/bootloader_support/CMakeFiles/__idf_bootloader_support.dir/bootloader_flash/src/bootloader_flash_config_esp32c6.c.obj
[180/1655] Building C object esp-idf/spi_flash/CMakeFiles/__idf_spi_flash.dir/spi_flash_chip_drivers.c.obj
[181/1655] Building C object esp-idf/spi_flash/CMakeFiles/__idf_spi_flash.dir/spi_flash_chip_issi.c.obj
[182/1655] Building C object esp-idf/esp_mm/CMakeFiles/__idf_esp_mm.dir/esp_cache.c.obj
[183/1655] Building C object esp-idf/bootloader_support/CMakeFiles/__idf_bootloader_support.dir/src/esp_image_format.c.obj
[184/1655] Building C object esp-idf/spi_flash/CMakeFiles/__idf_spi_flash.dir/spi_flash_chip_boya.c.obj
[185/1655] Building C object esp-idf/esp_mm/CMakeFiles/__idf_esp_mm.dir/esp_mmu_map.c.obj
[186/1655] Building C object esp-idf/spi_flash/CMakeFiles/__idf_spi_flash.dir/spi_flash_chip_gd.c.obj
[187/1655] Building C object esp-idf/spi_flash/CMakeFiles/__idf_spi_flash.dir/spi_flash_chip_winbond.c.obj
[188/1655] Building C object esp-idf/spi_flash/CMakeFiles/__idf_spi_flash.dir/spi_flash_chip_th.c.obj
[189/1655] Building C object esp-idf/bootloader_support/CMakeFiles/__idf_bootloader_support.dir/src/bootloader_utility.c.obj
[190/1655] Building C object esp-idf/spi_flash/CMakeFiles/__idf_spi_flash.dir/spi_flash_chip_mxic.c.obj
[191/1655] Building C object esp-idf/spi_flash/CMakeFiles/__idf_spi_flash.dir/spi_flash_chip_generic.c.obj
[192/1655] Building C object esp-idf/spi_flash/CMakeFiles/__idf_spi_flash.dir/spi_flash_chip_mxic_opi.c.obj
[193/1655] Building C object esp-idf/spi_flash/CMakeFiles/__idf_spi_flash.dir/memspi_host_driver.c.obj
[194/1655] Building C object esp-idf/spi_flash/CMakeFiles/__idf_spi_flash.dir/spi_flash_wrap.c.obj
[195/1655] Building C object esp-idf/spi_flash/CMakeFiles/__idf_spi_flash.dir/spi_flash_os_func_noos.c.obj
[196/1655] Building C object esp-idf/spi_flash/CMakeFiles/__idf_spi_flash.dir/flash_mmap.c.obj
[197/1655] Building C object esp-idf/esp_system/CMakeFiles/__idf_esp_system.dir/esp_err.c.obj
[198/1655] Building C object esp-idf/spi_flash/CMakeFiles/__idf_spi_flash.dir/cache_utils.c.obj
[199/1655] Building C object esp-idf/spi_flash/CMakeFiles/__idf_spi_flash.dir/flash_ops.c.obj
[200/1655] Building C object esp-idf/esp_system/CMakeFiles/__idf_esp_system.dir/crosscore_int.c.obj
[201/1655] Building C object esp-idf/spi_flash/CMakeFiles/__idf_spi_flash.dir/spi_flash_os_func_app.c.obj
[202/1655] Building C object esp-idf/esp_system/CMakeFiles/__idf_esp_system.dir/esp_ipc.c.obj
[203/1655] Building C object esp-idf/esp_system/CMakeFiles/__idf_esp_system.dir/freertos_hooks.c.obj
[204/1655] Building C object esp-idf/spi_flash/CMakeFiles/__idf_spi_flash.dir/esp_flash_spi_init.c.obj
[205/1655] Building C object esp-idf/spi_flash/CMakeFiles/__idf_spi_flash.dir/esp_flash_api.c.obj
[206/1655] Building C object esp-idf/esp_system/CMakeFiles/__idf_esp_system.dir/startup.c.obj
[207/1655] Building C object esp-idf/esp_system/CMakeFiles/__idf_esp_system.dir/esp_system.c.obj
[208/1655] Building C object esp-idf/esp_system/CMakeFiles/__idf_esp_system.dir/stack_check.c.obj
[209/1655] Building C object esp-idf/esp_system/CMakeFiles/__idf_esp_system.dir/systick_etm.c.obj
[210/1655] Building C object esp-idf/esp_system/CMakeFiles/__idf_esp_system.dir/int_wdt.c.obj
[211/1655] Building C object esp-idf/esp_system/CMakeFiles/__idf_esp_system.dir/ubsan.c.obj
[212/1655] Building C object esp-idf/esp_system/CMakeFiles/__idf_esp_system.dir/panic.c.obj
[213/1655] Building C object esp-idf/esp_system/CMakeFiles/__idf_esp_system.dir/xt_wdt.c.obj
[214/1655] Building C object esp-idf/esp_system/CMakeFiles/__idf_esp_system.dir/system_time.c.obj
[215/1655] Building C object esp-idf/esp_system/CMakeFiles/__idf_esp_system.dir/hw_stack_guard.c.obj
[216/1655] Building C object esp-idf/esp_system/CMakeFiles/__idf_esp_system.dir/task_wdt/task_wdt.c.obj
[217/1655] Building C object esp-idf/esp_system/CMakeFiles/__idf_esp_system.dir/startup_funcs.c.obj
[218/1655] Building C object esp-idf/esp_system/CMakeFiles/__idf_esp_system.dir/port/image_process.c.obj
[219/1655] Building C object esp-idf/esp_system/CMakeFiles/__idf_esp_system.dir/task_wdt/task_wdt_impl_timergroup.c.obj
[220/1655] Building C object esp-idf/esp_system/CMakeFiles/__idf_esp_system.dir/port/arch/riscv/expression_with_stack.c.obj
[221/1655] Building C object esp-idf/esp_system/CMakeFiles/__idf_esp_system.dir/port/esp_system_chip.c.obj
[222/1655] Building C object esp-idf/esp_system/CMakeFiles/__idf_esp_system.dir/port/arch/riscv/debug_stubs.c.obj
[223/1655] Building C object esp-idf/esp_system/CMakeFiles/__idf_esp_system.dir/port/cpu_start.c.obj
[224/1655] Building C object esp-idf/esp_system/CMakeFiles/__idf_esp_system.dir/port/panic_handler.c.obj
[225/1655] Building C object esp-idf/esp_system/CMakeFiles/__idf_esp_system.dir/port/arch/riscv/debug_helpers.c.obj
[226/1655] Building C object esp-idf/esp_system/CMakeFiles/__idf_esp_system.dir/port/arch/riscv/panic_arch.c.obj
[227/1655] Building C object esp-idf/esp_rom/CMakeFiles/__idf_esp_rom.dir/patches/esp_rom_crc.c.obj
[228/1655] Building C object esp-idf/esp_system/CMakeFiles/__idf_esp_system.dir/port/soc/esp32c6/cache_err_int.c.obj
[229/1655] Building C object esp-idf/esp_system/CMakeFiles/__idf_esp_system.dir/port/brownout.c.obj
[230/1655] Building C object esp-idf/esp_system/CMakeFiles/__idf_esp_system.dir/port/soc/esp32c6/reset_reason.c.obj
[231/1655] Building C object esp-idf/esp_rom/CMakeFiles/__idf_esp_rom.dir/patches/esp_rom_print.c.obj
[232/1655] Building C object esp-idf/esp_rom/CMakeFiles/__idf_esp_rom.dir/patches/esp_rom_efuse.c.obj
[233/1655] Building C object esp-idf/esp_rom/CMakeFiles/__idf_esp_rom.dir/patches/esp_rom_sys.c.obj
[234/1655] Building C object esp-idf/esp_rom/CMakeFiles/__idf_esp_rom.dir/patches/esp_rom_spiflash.c.obj
[235/1655] Building C object esp-idf/esp_rom/CMakeFiles/__idf_esp_rom.dir/patches/esp_rom_uart.c.obj
[236/1655] Building C object esp-idf/esp_rom/CMakeFiles/__idf_esp_rom.dir/patches/esp_rom_gpio.c.obj
[237/1655] Building C object esp-idf/esp_rom/CMakeFiles/__idf_esp_rom.dir/patches/esp_rom_tlsf.c.obj
[238/1655] Building C object esp-idf/esp_rom/CMakeFiles/__idf_esp_rom.dir/patches/esp_rom_multi_heap.c.obj
[239/1655] Building C object esp-idf/hal/CMakeFiles/__idf_hal.dir/hal_utils.c.obj
[240/1655] Building C object esp-idf/esp_rom/CMakeFiles/__idf_esp_rom.dir/patches/esp_rom_systimer.c.obj
[241/1655] Building C object esp-idf/esp_rom/CMakeFiles/__idf_esp_rom.dir/patches/esp_rom_hp_regi2c_esp32c6.c.obj
[242/1655] Building C object esp-idf/esp_system/CMakeFiles/__idf_esp_system.dir/port/soc/esp32c6/system_internal.c.obj
[243/1655] Performing configure step for 'bootloader'
-- Found Git: /usr/bin/git (found version "2.43.0")
-- The C compiler identification is GNU 14.2.0
-- The CXX compiler identification is GNU 14.2.0
-- The ASM compiler identification is GNU
-- Found assembler: /opt/esp/tools/riscv32-esp-elf/esp-14.2.0_20241119/riscv32-esp-elf/bin/riscv32-esp-elf-gcc
-- Detecting C compiler ABI info
-- Detecting C compiler ABI info - done
-- Check for working C compiler: /opt/esp/tools/riscv32-esp-elf/esp-14.2.0_20241119/riscv32-esp-elf/bin/riscv32-esp-elf-gcc - skipped
-- Detecting C compile features
-- Detecting C compile features - done
-- Detecting CXX compiler ABI info
-- Detecting CXX compiler ABI info - done
-- Check for working CXX compiler: /opt/esp/tools/riscv32-esp-elf/esp-14.2.0_20241119/riscv32-esp-elf/bin/riscv32-esp-elf-g++ - skipped
-- Detecting CXX compile features
-- Detecting CXX compile features - done
-- Building ESP-IDF components for target esp32c6
-- Project sdkconfig file /project/GitHub/esp32c6_xiao/c6_matter_thread_sd40_v1_oled/sdkconfig
-- Adding linker script /opt/esp/idf/components/riscv/ld/rom.api.ld
-- Adding linker script /opt/esp/idf/components/soc/esp32c6/ld/esp32c6.peripherals.ld
-- Bootloader project name: "bootloader" version: 1
-- Adding linker script /opt/esp/idf/components/esp_rom/esp32c6/ld/esp32c6.rom.ld
-- Adding linker script /opt/esp/idf/components/esp_rom/esp32c6/ld/esp32c6.rom.api.ld
-- Adding linker script /opt/esp/idf/components/esp_rom/esp32c6/ld/esp32c6.rom.rvfp.ld
-- Adding linker script /opt/esp/idf/components/esp_rom/esp32c6/ld/esp32c6.rom.wdt.ld
-- Adding linker script /opt/esp/idf/components/esp_rom/esp32c6/ld/esp32c6.rom.systimer.ld
-- Adding linker script /opt/esp/idf/components/esp_rom/esp32c6/ld/esp32c6.rom.version.ld
-- Adding linker script /opt/esp/idf/components/esp_rom/esp32c6/ld/esp32c6.rom.newlib.ld
-- Adding linker script /opt/esp/idf/components/bootloader/subproject/main/ld/esp32c6/bootloader.ld
-- Adding linker script /opt/esp/idf/components/bootloader/subproject/main/ld/esp32c6/bootloader.rom.ld
-- Components: bootloader bootloader_support efuse esp_app_format esp_bootloader_format esp_common esp_hw_support esp_rom esp_security esp_system esptool_py freertos hal log main micro-ecc newlib partition_table riscv soc spi_flash
-- Component paths: /opt/esp/idf/components/bootloader /opt/esp/idf/components/bootloader_support /opt/esp/idf/components/efuse /opt/esp/idf/components/esp_app_format /opt/esp/idf/components/esp_bootloader_format /opt/esp/idf/components/esp_common /opt/esp/idf/components/esp_hw_support /opt/esp/idf/components/esp_rom /opt/esp/idf/components/esp_security /opt/esp/idf/components/esp_system /opt/esp/idf/components/esptool_py /opt/esp/idf/components/freertos /opt/esp/idf/components/hal /opt/esp/idf/components/log /opt/esp/idf/components/bootloader/subproject/main /opt/esp/idf/components/bootloader/subproject/components/micro-ecc /opt/esp/idf/components/newlib /opt/esp/idf/components/partition_table /opt/esp/idf/components/riscv /opt/esp/idf/components/soc /opt/esp/idf/components/spi_flash
-- Configuring done (2.0s)
-- Generating done (0.2s)
-- Build files have been written to: /project/GitHub/esp32c6_xiao/c6_matter_thread_sd40_v1_oled/build/bootloader
[244/1655] Building C object esp-idf/hal/CMakeFiles/__idf_hal.dir/color_hal.c.obj
[245/1655] Building C object esp-idf/esp_rom/CMakeFiles/__idf_esp_rom.dir/patches/esp_rom_wdt.c.obj
[246/1655] Building C object esp-idf/hal/CMakeFiles/__idf_hal.dir/lp_timer_hal.c.obj
[247/1655] Building C object esp-idf/hal/CMakeFiles/__idf_hal.dir/efuse_hal.c.obj
[248/1655] Building C object esp-idf/hal/CMakeFiles/__idf_hal.dir/esp32c6/efuse_hal.c.obj
[249/1655] Building C object esp-idf/hal/CMakeFiles/__idf_hal.dir/spi_flash_encrypt_hal_iram.c.obj
[250/1655] Building C object esp-idf/hal/CMakeFiles/__idf_hal.dir/cache_hal.c.obj
[251/1655] Building C object esp-idf/hal/CMakeFiles/__idf_hal.dir/mmu_hal.c.obj
[252/1655] Building C object esp-idf/esp_common/CMakeFiles/__idf_esp_common.dir/src/esp_err_to_name.c.obj
[253/1655] Building C object esp-idf/esp_system/CMakeFiles/__idf_esp_system.dir/port/soc/esp32c6/clk.c.obj
[254/1655] Building C object esp-idf/hal/CMakeFiles/__idf_hal.dir/spi_flash_hal_iram.c.obj
[255/1655] Building C object esp-idf/hal/CMakeFiles/__idf_hal.dir/spi_flash_hal.c.obj
[256/1655] Building C object esp-idf/hal/CMakeFiles/__idf_hal.dir/gpio_hal.c.obj
[257/1655] Building C object esp-idf/hal/CMakeFiles/__idf_hal.dir/uart_hal_iram.c.obj
[258/1655] Building C object esp-idf/hal/CMakeFiles/__idf_hal.dir/uart_hal.c.obj
[259/1655] Building C object esp-idf/hal/CMakeFiles/__idf_hal.dir/timer_hal.c.obj
[260/1655] Building C object esp-idf/hal/CMakeFiles/__idf_hal.dir/esp32c6/clk_tree_hal.c.obj
[261/1655] Building C object esp-idf/hal/CMakeFiles/__idf_hal.dir/rtc_io_hal.c.obj
[262/1655] Building C object esp-idf/hal/CMakeFiles/__idf_hal.dir/ledc_hal.c.obj
[263/1655] Building C object esp-idf/hal/CMakeFiles/__idf_hal.dir/ledc_hal_iram.c.obj
[264/1655] Building C object esp-idf/hal/CMakeFiles/__idf_hal.dir/pcnt_hal.c.obj
[265/1655] Building C object esp-idf/hal/CMakeFiles/__idf_hal.dir/gdma_hal_top.c.obj
[266/1655] Building C object esp-idf/hal/CMakeFiles/__idf_hal.dir/rmt_hal.c.obj
[267/1655] Building C object esp-idf/hal/CMakeFiles/__idf_hal.dir/i2c_hal_iram.c.obj
[268/1655] Building C object esp-idf/hal/CMakeFiles/__idf_hal.dir/i2c_hal.c.obj
[269/1655] Building C object esp-idf/hal/CMakeFiles/__idf_hal.dir/mcpwm_hal.c.obj
[270/1655] Building C object esp-idf/hal/CMakeFiles/__idf_hal.dir/twai_hal_iram.c.obj
[271/1655] Building C object esp-idf/hal/CMakeFiles/__idf_hal.dir/gdma_hal_ahb_v1.c.obj
[272/1655] Building C object esp-idf/hal/CMakeFiles/__idf_hal.dir/twai_hal.c.obj
[273/1655] Building C object esp-idf/hal/CMakeFiles/__idf_hal.dir/sdm_hal.c.obj
[274/1655] Building C object esp-idf/hal/CMakeFiles/__idf_hal.dir/etm_hal.c.obj
[275/1655] Building C object esp-idf/hal/CMakeFiles/__idf_hal.dir/i2s_hal.c.obj
[276/1655] Building C object esp-idf/hal/CMakeFiles/__idf_hal.dir/parlio_hal.c.obj
[277/1655] Building C object esp-idf/hal/CMakeFiles/__idf_hal.dir/brownout_hal.c.obj
[278/1655] Building C object esp-idf/hal/CMakeFiles/__idf_hal.dir/sha_hal.c.obj
[279/1655] Building C object esp-idf/hal/CMakeFiles/__idf_hal.dir/ecc_hal.c.obj
[280/1655] Building C object esp-idf/hal/CMakeFiles/__idf_hal.dir/aes_hal.c.obj
[281/1655] Building C object esp-idf/hal/CMakeFiles/__idf_hal.dir/mpi_hal.c.obj
[282/1655] Building C object esp-idf/hal/CMakeFiles/__idf_hal.dir/adc_oneshot_hal.c.obj
[283/1655] Building C object esp-idf/hal/CMakeFiles/__idf_hal.dir/adc_hal_common.c.obj
[284/1655] Building C object esp-idf/hal/CMakeFiles/__idf_hal.dir/esp32c6/pau_hal.c.obj
[285/1655] Building C object esp-idf/hal/CMakeFiles/__idf_hal.dir/adc_hal.c.obj
[286/1655] Building C object esp-idf/hal/CMakeFiles/__idf_hal.dir/esp32c6/modem_clock_hal.c.obj
[287/1655] Building C object esp-idf/hal/CMakeFiles/__idf_hal.dir/esp32c6/pmu_hal.c.obj
[288/1655] Building C object esp-idf/hal/CMakeFiles/__idf_hal.dir/ds_hal.c.obj
[289/1655] Building C object esp-idf/hal/CMakeFiles/__idf_hal.dir/spi_hal.c.obj
[290/1655] Building C object esp-idf/hal/CMakeFiles/__idf_hal.dir/spi_slave_hal.c.obj
[291/1655] Building C object esp-idf/hal/CMakeFiles/__idf_hal.dir/hmac_hal.c.obj
[292/1655] Building C object esp-idf/hal/CMakeFiles/__idf_hal.dir/spi_hal_iram.c.obj
[293/1655] Building C object esp-idf/hal/CMakeFiles/__idf_hal.dir/apm_hal.c.obj
[294/1655] Building C object esp-idf/hal/CMakeFiles/__idf_hal.dir/spi_slave_hal_iram.c.obj
[295/1655] Building C object esp-idf/hal/CMakeFiles/__idf_hal.dir/spi_flash_hal_gpspi.c.obj
[296/1655] Building C object esp-idf/hal/CMakeFiles/__idf_hal.dir/spi_slave_hd_hal.c.obj
[297/1655] Building C object esp-idf/hal/CMakeFiles/__idf_hal.dir/usb_serial_jtag_hal.c.obj
[298/1655] Building C object esp-idf/hal/CMakeFiles/__idf_hal.dir/sdio_slave_hal.c.obj
[299/1655] Building C object esp-idf/log/CMakeFiles/__idf_log.dir/src/log_level/log_level.c.obj
[300/1655] Building C object esp-idf/log/CMakeFiles/__idf_log.dir/src/util.c.obj
[301/1655] Building C object esp-idf/log/CMakeFiles/__idf_log.dir/src/log_level/tag_log_level/tag_log_level.c.obj
[302/1655] Building C object esp-idf/log/CMakeFiles/__idf_log.dir/src/log_level/tag_log_level/linked_list/log_linked_list.c.obj
[303/1655] Building C object esp-idf/log/CMakeFiles/__idf_log.dir/src/os/log_write.c.obj
[304/1655] Building C object esp-idf/log/CMakeFiles/__idf_log.dir/src/buffer/log_buffers.c.obj
[305/1655] Building C object esp-idf/log/CMakeFiles/__idf_log.dir/src/log_level/tag_log_level/cache/log_binary_heap.c.obj
[306/1655] Building C object esp-idf/log/CMakeFiles/__idf_log.dir/src/os/log_timestamp.c.obj
[307/1655] Building C object esp-idf/log/CMakeFiles/__idf_log.dir/src/os/log_lock.c.obj
[308/1655] Building C object esp-idf/log/CMakeFiles/__idf_log.dir/src/log_timestamp_common.c.obj
[309/1655] Building C object esp-idf/soc/CMakeFiles/__idf_soc.dir/lldesc.c.obj
[310/1655] Building C object esp-idf/soc/CMakeFiles/__idf_soc.dir/esp32c6/interrupts.c.obj
[311/1655] Building C object esp-idf/heap/CMakeFiles/__idf_heap.dir/port/esp32c6/memory_layout.c.obj
[312/1655] Building C object esp-idf/soc/CMakeFiles/__idf_soc.dir/dport_access_common.c.obj
[313/1655] Building C object esp-idf/heap/CMakeFiles/__idf_heap.dir/heap_caps_base.c.obj
[314/1655] Building C object esp-idf/heap/CMakeFiles/__idf_heap.dir/port/memory_layout_utils.c.obj
[315/1655] Building C object esp-idf/soc/CMakeFiles/__idf_soc.dir/esp32c6/adc_periph.c.obj
[316/1655] Building C object esp-idf/soc/CMakeFiles/__idf_soc.dir/esp32c6/gpio_periph.c.obj
[317/1655] Building C object esp-idf/soc/CMakeFiles/__idf_soc.dir/esp32c6/uart_periph.c.obj
[318/1655] Building C object esp-idf/heap/CMakeFiles/__idf_heap.dir/heap_caps_init.c.obj
[319/1655] Building C object esp-idf/soc/CMakeFiles/__idf_soc.dir/esp32c6/dedic_gpio_periph.c.obj
[320/1655] Building C object esp-idf/soc/CMakeFiles/__idf_soc.dir/esp32c6/etm_periph.c.obj
[321/1655] Building C object esp-idf/heap/CMakeFiles/__idf_heap.dir/multi_heap.c.obj
[322/1655] Building C object esp-idf/soc/CMakeFiles/__idf_soc.dir/esp32c6/sdm_periph.c.obj
[323/1655] Building C object esp-idf/soc/CMakeFiles/__idf_soc.dir/esp32c6/gdma_periph.c.obj
[324/1655] Building C object esp-idf/soc/CMakeFiles/__idf_soc.dir/esp32c6/ledc_periph.c.obj
[325/1655] Building C object esp-idf/heap/CMakeFiles/__idf_heap.dir/heap_caps.c.obj
[326/1655] Building C object esp-idf/soc/CMakeFiles/__idf_soc.dir/esp32c6/pcnt_periph.c.obj
[327/1655] Building C object esp-idf/soc/CMakeFiles/__idf_soc.dir/esp32c6/spi_periph.c.obj
[328/1655] Building C object esp-idf/soc/CMakeFiles/__idf_soc.dir/esp32c6/rmt_periph.c.obj
[329/1655] Building C object esp-idf/soc/CMakeFiles/__idf_soc.dir/esp32c6/temperature_sensor_periph.c.obj
[330/1655] Building C object esp-idf/soc/CMakeFiles/__idf_soc.dir/esp32c6/i2c_periph.c.obj
[331/1655] Building C object esp-idf/soc/CMakeFiles/__idf_soc.dir/esp32c6/i2s_periph.c.obj
[332/1655] Building C object esp-idf/soc/CMakeFiles/__idf_soc.dir/esp32c6/mpi_periph.c.obj
[333/1655] Building C object esp-idf/soc/CMakeFiles/__idf_soc.dir/esp32c6/timer_periph.c.obj
[334/1655] Building C object esp-idf/soc/CMakeFiles/__idf_soc.dir/esp32c6/parlio_periph.c.obj
[335/1655] Building C object esp-idf/soc/CMakeFiles/__idf_soc.dir/esp32c6/ieee802154_periph.c.obj
[336/1655] Building C object esp-idf/soc/CMakeFiles/__idf_soc.dir/esp32c6/mcpwm_periph.c.obj
[337/1655] Building C object esp-idf/soc/CMakeFiles/__idf_soc.dir/esp32c6/wdt_periph.c.obj
[338/1655] Building C object esp-idf/soc/CMakeFiles/__idf_soc.dir/esp32c6/twai_periph.c.obj
[339/1655] Building C object esp-idf/soc/CMakeFiles/__idf_soc.dir/esp32c6/rtc_io_periph.c.obj
[340/1655] Building C object esp-idf/esp_security/CMakeFiles/__idf_esp_security.dir/src/esp_crypto_lock.c.obj
[341/1655] Building C object esp-idf/esp_security/CMakeFiles/__idf_esp_security.dir/src/esp_dpa_protection.c.obj
[342/1655] Building C object esp-idf/soc/CMakeFiles/__idf_soc.dir/esp32c6/sdio_slave_periph.c.obj
[343/1655] Building C object esp-idf/soc/CMakeFiles/__idf_soc.dir/esp32c6/system_retention_periph.c.obj
[344/1655] Building C object esp-idf/esp_hw_support/CMakeFiles/__idf_esp_hw_support.dir/esp_memory_utils.c.obj
[345/1655] Building C object esp-idf/esp_hw_support/CMakeFiles/__idf_esp_hw_support.dir/cpu.c.obj
[346/1655] Building C object esp-idf/esp_hw_support/CMakeFiles/__idf_esp_hw_support.dir/port/esp32c6/esp_cpu_intr.c.obj
[347/1655] Building C object esp-idf/esp_hw_support/CMakeFiles/__idf_esp_hw_support.dir/port/esp32c6/cpu_region_protect.c.obj
[348/1655] Building C object esp-idf/esp_security/CMakeFiles/__idf_esp_security.dir/src/init.c.obj
[349/1655] Performing build step for 'bootloader'
[1/114] Generating project_elf_src_esp32c6.c
[2/114] Building C object CMakeFiles/bootloader.elf.dir/project_elf_src_esp32c6.c.obj
[3/114] Building C object esp-idf/soc/CMakeFiles/__idf_soc.dir/esp32c6/interrupts.c.obj
[4/114] Building C object esp-idf/soc/CMakeFiles/__idf_soc.dir/lldesc.c.obj
[5/114] Building C object esp-idf/soc/CMakeFiles/__idf_soc.dir/esp32c6/sdm_periph.c.obj
[6/114] Building C object esp-idf/soc/CMakeFiles/__idf_soc.dir/dport_access_common.c.obj
[7/114] Building C object esp-idf/soc/CMakeFiles/__idf_soc.dir/esp32c6/dedic_gpio_periph.c.obj
[8/114] Building C object esp-idf/soc/CMakeFiles/__idf_soc.dir/esp32c6/etm_periph.c.obj
[9/114] Building C object esp-idf/soc/CMakeFiles/__idf_soc.dir/esp32c6/gpio_periph.c.obj
[10/114] Building C object esp-idf/soc/CMakeFiles/__idf_soc.dir/esp32c6/adc_periph.c.obj
[11/114] Building C object esp-idf/soc/CMakeFiles/__idf_soc.dir/esp32c6/gdma_periph.c.obj
[12/114] Building C object esp-idf/soc/CMakeFiles/__idf_soc.dir/esp32c6/ledc_periph.c.obj
[13/114] Building C object esp-idf/soc/CMakeFiles/__idf_soc.dir/esp32c6/rmt_periph.c.obj
[14/114] Building C object esp-idf/soc/CMakeFiles/__idf_soc.dir/esp32c6/uart_periph.c.obj
[15/114] Building C object esp-idf/soc/CMakeFiles/__idf_soc.dir/esp32c6/spi_periph.c.obj
[16/114] Building C object esp-idf/soc/CMakeFiles/__idf_soc.dir/esp32c6/pcnt_periph.c.obj
[17/114] Building C object esp-idf/soc/CMakeFiles/__idf_soc.dir/esp32c6/i2s_periph.c.obj
[18/114] Building C object esp-idf/soc/CMakeFiles/__idf_soc.dir/esp32c6/i2c_periph.c.obj
[19/114] Building C object esp-idf/soc/CMakeFiles/__idf_soc.dir/esp32c6/temperature_sensor_periph.c.obj
[20/114] Building C object esp-idf/soc/CMakeFiles/__idf_soc.dir/esp32c6/ieee802154_periph.c.obj
[21/114] Building C object esp-idf/soc/CMakeFiles/__idf_soc.dir/esp32c6/timer_periph.c.obj
[22/114] Building C object esp-idf/soc/CMakeFiles/__idf_soc.dir/esp32c6/mpi_periph.c.obj
[23/114] Building C object esp-idf/soc/CMakeFiles/__idf_soc.dir/esp32c6/parlio_periph.c.obj
[24/114] Building C object esp-idf/soc/CMakeFiles/__idf_soc.dir/esp32c6/mcpwm_periph.c.obj
[25/114] Building C object esp-idf/soc/CMakeFiles/__idf_soc.dir/esp32c6/wdt_periph.c.obj
[26/114] Building C object esp-idf/hal/CMakeFiles/__idf_hal.dir/hal_utils.c.obj
[27/114] Building C object esp-idf/soc/CMakeFiles/__idf_soc.dir/esp32c6/twai_periph.c.obj
[28/114] Building C object esp-idf/soc/CMakeFiles/__idf_soc.dir/esp32c6/rtc_io_periph.c.obj
[29/114] Building C object esp-idf/soc/CMakeFiles/__idf_soc.dir/esp32c6/sdio_slave_periph.c.obj
[30/114] Building C object esp-idf/soc/CMakeFiles/__idf_soc.dir/esp32c6/system_retention_periph.c.obj
[31/114] Building C object esp-idf/hal/CMakeFiles/__idf_hal.dir/efuse_hal.c.obj
[32/114] Building C object esp-idf/hal/CMakeFiles/__idf_hal.dir/lp_timer_hal.c.obj
[33/114] Building C object esp-idf/esp_bootloader_format/CMakeFiles/__idf_esp_bootloader_format.dir/esp_bootloader_desc.c.obj
[34/114] Building C object esp-idf/hal/CMakeFiles/__idf_hal.dir/esp32c6/efuse_hal.c.obj
[35/114] Building C object esp-idf/hal/CMakeFiles/__idf_hal.dir/mmu_hal.c.obj
[36/114] Building C object esp-idf/micro-ecc/CMakeFiles/__idf_micro-ecc.dir/uECC_verify_antifault.c.obj
[37/114] Building C object esp-idf/hal/CMakeFiles/__idf_hal.dir/cache_hal.c.obj
[38/114] Building C object esp-idf/bootloader_support/CMakeFiles/__idf_bootloader_support.dir/src/bootloader_clock_init.c.obj
[39/114] Building C object esp-idf/spi_flash/CMakeFiles/__idf_spi_flash.dir/spi_flash_wrap.c.obj
[40/114] Building C object esp-idf/bootloader_support/CMakeFiles/__idf_bootloader_support.dir/src/bootloader_efuse.c.obj
[41/114] Building C object esp-idf/bootloader_support/CMakeFiles/__idf_bootloader_support.dir/src/bootloader_mem.c.obj
[42/114] Building C object esp-idf/bootloader_support/CMakeFiles/__idf_bootloader_support.dir/src/secure_boot.c.obj
[43/114] Building C object esp-idf/bootloader_support/CMakeFiles/__idf_bootloader_support.dir/src/bootloader_random.c.obj
[44/114] Building C object esp-idf/bootloader_support/CMakeFiles/__idf_bootloader_support.dir/src/bootloader_random_esp32c6.c.obj
[45/114] Building C object esp-idf/bootloader_support/CMakeFiles/__idf_bootloader_support.dir/src/flash_encrypt.c.obj
[46/114] Building C object esp-idf/bootloader_support/CMakeFiles/__idf_bootloader_support.dir/src/bootloader_common.c.obj
[47/114] Building C object esp-idf/bootloader_support/CMakeFiles/__idf_bootloader_support.dir/src/bootloader_common_loader.c.obj
[48/114] Building C object esp-idf/bootloader_support/CMakeFiles/__idf_bootloader_support.dir/src/flash_partitions.c.obj
[49/114] Building C object esp-idf/bootloader_support/CMakeFiles/__idf_bootloader_support.dir/src/bootloader_clock_loader.c.obj
[50/114] Building C object esp-idf/bootloader_support/CMakeFiles/__idf_bootloader_support.dir/bootloader_flash/src/flash_qio_mode.c.obj
[51/114] Building C object esp-idf/bootloader_support/CMakeFiles/__idf_bootloader_support.dir/src/esp32c6/bootloader_soc.c.obj
[52/114] Building C object esp-idf/bootloader_support/CMakeFiles/__idf_bootloader_support.dir/src/esp32c6/bootloader_sha.c.obj
[53/114] Building C object esp-idf/bootloader_support/CMakeFiles/__idf_bootloader_support.dir/src/bootloader_console_loader.c.obj
[54/114] Building C object esp-idf/bootloader_support/CMakeFiles/__idf_bootloader_support.dir/bootloader_flash/src/bootloader_flash_config_esp32c6.c.obj
[55/114] Building C object esp-idf/bootloader_support/CMakeFiles/__idf_bootloader_support.dir/bootloader_flash/src/bootloader_flash.c.obj
[56/114] Building C object esp-idf/bootloader_support/CMakeFiles/__idf_bootloader_support.dir/src/esp32c6/bootloader_ecdsa.c.obj
[57/114] Building C object esp-idf/bootloader_support/CMakeFiles/__idf_bootloader_support.dir/src/bootloader_console.c.obj
[58/114] Building C object esp-idf/bootloader_support/CMakeFiles/__idf_bootloader_support.dir/src/bootloader_panic.c.obj
[59/114] Building C object esp-idf/efuse/CMakeFiles/__idf_efuse.dir/esp32c6/esp_efuse_table.c.obj
[60/114] Building C object esp-idf/efuse/CMakeFiles/__idf_efuse.dir/esp32c6/esp_efuse_fields.c.obj
[61/114] Building C object esp-idf/bootloader_support/CMakeFiles/__idf_bootloader_support.dir/src/bootloader_init.c.obj
[62/114] Building C object esp-idf/bootloader_support/CMakeFiles/__idf_bootloader_support.dir/src/esp_image_format.c.obj
[63/114] Building C object esp-idf/efuse/CMakeFiles/__idf_efuse.dir/esp32c6/esp_efuse_rtc_calib.c.obj
[64/114] Building C object esp-idf/efuse/CMakeFiles/__idf_efuse.dir/src/esp_efuse_api.c.obj
[65/114] Building C object esp-idf/efuse/CMakeFiles/__idf_efuse.dir/esp32c6/esp_efuse_utility.c.obj
[66/114] Building C object esp-idf/efuse/CMakeFiles/__idf_efuse.dir/src/esp_efuse_fields.c.obj
[67/114] Building C object esp-idf/bootloader_support/CMakeFiles/__idf_bootloader_support.dir/src/bootloader_utility.c.obj
[68/114] Building C object esp-idf/esp_hw_support/CMakeFiles/__idf_esp_hw_support.dir/port/esp32c6/esp_cpu_intr.c.obj
[69/114] Building C object esp-idf/esp_hw_support/CMakeFiles/__idf_esp_hw_support.dir/cpu.c.obj
[70/114] Building C object esp-idf/esp_hw_support/CMakeFiles/__idf_esp_hw_support.dir/esp_memory_utils.c.obj
[71/114] Building C object esp-idf/esp_system/CMakeFiles/__idf_esp_system.dir/esp_err.c.obj
[72/114] Building C object esp-idf/efuse/CMakeFiles/__idf_efuse.dir/src/efuse_controller/keys/with_key_purposes/esp_efuse_api_key.c.obj
[73/114] Building C object esp-idf/efuse/CMakeFiles/__idf_efuse.dir/src/esp_efuse_utility.c.obj
[74/114] Building C object esp-idf/esp_hw_support/CMakeFiles/__idf_esp_hw_support.dir/port/esp32c6/cpu_region_protect.c.obj
[75/114] Building C object esp-idf/bootloader_support/CMakeFiles/__idf_bootloader_support.dir/src/esp32c6/bootloader_esp32c6.c.obj
[76/114] Building C object esp-idf/esp_rom/CMakeFiles/__idf_esp_rom.dir/patches/esp_rom_crc.c.obj
[77/114] Building C object esp-idf/esp_hw_support/CMakeFiles/__idf_esp_hw_support.dir/port/esp32c6/pmu_param.c.obj
[78/114] Building C object esp-idf/esp_hw_support/CMakeFiles/__idf_esp_hw_support.dir/port/esp32c6/pmu_init.c.obj
[79/114] Building C object esp-idf/esp_hw_support/CMakeFiles/__idf_esp_hw_support.dir/port/esp32c6/chip_info.c.obj
[80/114] Building C object esp-idf/esp_rom/CMakeFiles/__idf_esp_rom.dir/patches/esp_rom_print.c.obj
[81/114] Building C object esp-idf/esp_hw_support/CMakeFiles/__idf_esp_hw_support.dir/port/esp32c6/ocode_init.c.obj
[82/114] Building C object esp-idf/esp_common/CMakeFiles/__idf_esp_common.dir/src/esp_err_to_name.c.obj
[83/114] Building C object esp-idf/esp_rom/CMakeFiles/__idf_esp_rom.dir/patches/esp_rom_sys.c.obj
[84/114] Building C object esp-idf/esp_hw_support/CMakeFiles/__idf_esp_hw_support.dir/port/esp32c6/rtc_clk.c.obj
[85/114] Building C object esp-idf/esp_rom/CMakeFiles/__idf_esp_rom.dir/patches/esp_rom_efuse.c.obj
[86/114] Building C object esp-idf/esp_rom/CMakeFiles/__idf_esp_rom.dir/patches/esp_rom_spiflash.c.obj
[87/114] Building C object esp-idf/esp_rom/CMakeFiles/__idf_esp_rom.dir/patches/esp_rom_gpio.c.obj
[88/114] Building C object esp-idf/esp_hw_support/CMakeFiles/__idf_esp_hw_support.dir/port/esp32c6/pmu_sleep.c.obj
[89/114] Building C object esp-idf/esp_hw_support/CMakeFiles/__idf_esp_hw_support.dir/port/esp32c6/rtc_clk_init.c.obj
[90/114] Building C object esp-idf/esp_rom/CMakeFiles/__idf_esp_rom.dir/patches/esp_rom_uart.c.obj
[91/114] Building C object esp-idf/esp_hw_support/CMakeFiles/__idf_esp_hw_support.dir/port/esp32c6/rtc_time.c.obj
[92/114] Building C object esp-idf/esp_rom/CMakeFiles/__idf_esp_rom.dir/patches/esp_rom_hp_regi2c_esp32c6.c.obj
[93/114] Building C object esp-idf/log/CMakeFiles/__idf_log.dir/src/noos/log_lock.c.obj
[94/114] Building C object esp-idf/esp_rom/CMakeFiles/__idf_esp_rom.dir/patches/esp_rom_systimer.c.obj
[95/114] Building C object esp-idf/log/CMakeFiles/__idf_log.dir/src/log_timestamp_common.c.obj
[96/114] Building C object esp-idf/main/CMakeFiles/__idf_main.dir/bootloader_start.c.obj
[97/114] Building C object esp-idf/log/CMakeFiles/__idf_log.dir/src/noos/log_timestamp.c.obj
[98/114] Building C object esp-idf/esp_rom/CMakeFiles/__idf_esp_rom.dir/patches/esp_rom_wdt.c.obj
[99/114] Linking C static library esp-idf/log/liblog.a
[100/114] Linking C static library esp-idf/esp_rom/libesp_rom.a
[101/114] Linking C static library esp-idf/esp_common/libesp_common.a
[102/114] Linking C static library esp-idf/esp_hw_support/libesp_hw_support.a
[103/114] Linking C static library esp-idf/esp_system/libesp_system.a
[104/114] Linking C static library esp-idf/efuse/libefuse.a
[105/114] Linking C static library esp-idf/bootloader_support/libbootloader_support.a
[106/114] Linking C static library esp-idf/esp_bootloader_format/libesp_bootloader_format.a
[107/114] Linking C static library esp-idf/spi_flash/libspi_flash.a
[108/114] Linking C static library esp-idf/hal/libhal.a
[109/114] Linking C static library esp-idf/micro-ecc/libmicro-ecc.a
[110/114] Linking C static library esp-idf/soc/libsoc.a
[111/114] Linking C static library esp-idf/main/libmain.a
[112/114] Linking C executable bootloader.elf
[113/114] Generating binary image from built executable
esptool.py v4.8.1
Creating esp32c6 image...
Merged 2 ELF sections
Successfully created esp32c6 image.
Generated /project/GitHub/esp32c6_xiao/c6_matter_thread_sd40_v1_oled/build/bootloader/bootloader.bin
[114/114] cd /project/GitHub/esp32c6_xiao/c6_matter_thread_sd40_v1_oled/build/bootloader/esp-idf/esptool_py && /opt/esp/python_env/idf5.4_py3.12_env/bin/python /opt/esp/idf/components/partition_table/check_sizes.py --offset 0x8000 bootloader 0x0 /project/GitHub/esp32c6_xiao/c6_matter_thread_sd40_v1_oled/build/bootloader/bootloader.bin
Bootloader binary size 0x55f0 bytes. 0x2a10 bytes (33%) free.
[350/1655] No install step for 'bootloader'
[351/1655] Completed 'bootloader'
[352/1655] Building C object esp-idf/esp_security/CMakeFiles/__idf_esp_security.dir/src/esp_hmac.c.obj
[353/1655] Building C object esp-idf/esp_hw_support/CMakeFiles/__idf_esp_hw_support.dir/mac_addr.c.obj
[354/1655] Building C object esp-idf/esp_security/CMakeFiles/__idf_esp_security.dir/src/esp_ds.c.obj
[355/1655] Building C object esp-idf/esp_hw_support/CMakeFiles/__idf_esp_hw_support.dir/revision.c.obj
[356/1655] Building C object esp-idf/esp_hw_support/CMakeFiles/__idf_esp_hw_support.dir/hw_random.c.obj
[357/1655] Building C object esp-idf/esp_hw_support/CMakeFiles/__idf_esp_hw_support.dir/sleep_usb.c.obj
[358/1655] Building C object esp-idf/esp_hw_support/CMakeFiles/__idf_esp_hw_support.dir/sleep_console.c.obj
[359/1655] Building C object esp-idf/esp_hw_support/CMakeFiles/__idf_esp_hw_support.dir/esp_clk.c.obj
[360/1655] Building C object esp-idf/esp_hw_support/CMakeFiles/__idf_esp_hw_support.dir/clk_ctrl_os.c.obj
[361/1655] Building C object esp-idf/esp_hw_support/CMakeFiles/__idf_esp_hw_support.dir/esp_gpio_reserve.c.obj
[362/1655] Building C object esp-idf/esp_hw_support/CMakeFiles/__idf_esp_hw_support.dir/intr_alloc.c.obj
[363/1655] Building C object esp-idf/esp_hw_support/CMakeFiles/__idf_esp_hw_support.dir/periph_ctrl.c.obj
[364/1655] Building C object esp-idf/esp_hw_support/CMakeFiles/__idf_esp_hw_support.dir/sleep_modem.c.obj
[365/1655] Building C object esp-idf/esp_hw_support/CMakeFiles/__idf_esp_hw_support.dir/sleep_event.c.obj
[366/1655] Building C object esp-idf/esp_hw_support/CMakeFiles/__idf_esp_hw_support.dir/regi2c_ctrl.c.obj
[367/1655] Building C object esp-idf/esp_hw_support/CMakeFiles/__idf_esp_hw_support.dir/rtc_module.c.obj
[368/1655] Building C object esp-idf/esp_hw_support/CMakeFiles/__idf_esp_hw_support.dir/port/esp32c6/esp_clk_tree.c.obj
[369/1655] Building C object esp-idf/esp_hw_support/CMakeFiles/__idf_esp_hw_support.dir/port/esp_clk_tree_common.c.obj
[370/1655] Building C object esp-idf/esp_hw_support/CMakeFiles/__idf_esp_hw_support.dir/sleep_gpio.c.obj
[371/1655] Building C object esp-idf/esp_hw_support/CMakeFiles/__idf_esp_hw_support.dir/sar_periph_ctrl_common.c.obj
[372/1655] Building C object esp-idf/esp_hw_support/CMakeFiles/__idf_esp_hw_support.dir/dma/esp_dma_utils.c.obj
[373/1655] Building C object esp-idf/esp_hw_support/CMakeFiles/__idf_esp_hw_support.dir/dma/gdma_link.c.obj
[374/1655] Building C object esp-idf/esp_hw_support/CMakeFiles/__idf_esp_hw_support.dir/port/esp32c6/io_mux.c.obj
[375/1655] Building C object esp-idf/esp_hw_support/CMakeFiles/__idf_esp_hw_support.dir/clk_utils.c.obj
[376/1655] Building C object esp-idf/esp_hw_support/CMakeFiles/__idf_esp_hw_support.dir/dma/esp_async_memcpy.c.obj
[377/1655] Building C object esp-idf/esp_hw_support/CMakeFiles/__idf_esp_hw_support.dir/spi_share_hw_ctrl.c.obj
[378/1655] Building C object esp-idf/esp_hw_support/CMakeFiles/__idf_esp_hw_support.dir/sleep_system_peripheral.c.obj
[379/1655] Building C object esp-idf/esp_hw_support/CMakeFiles/__idf_esp_hw_support.dir/port/esp32c6/systimer.c.obj
[380/1655] Building C object esp-idf/esp_hw_support/CMakeFiles/__idf_esp_hw_support.dir/adc_share_hw_ctrl.c.obj
[381/1655] Building C object esp-idf/esp_hw_support/CMakeFiles/__idf_esp_hw_support.dir/dma/gdma_sleep_retention.c.obj
[382/1655] Building C object esp-idf/esp_hw_support/CMakeFiles/__idf_esp_hw_support.dir/spi_bus_lock.c.obj
[383/1655] Building C object esp-idf/esp_hw_support/CMakeFiles/__idf_esp_hw_support.dir/sleep_retention.c.obj
[384/1655] Building C object esp-idf/esp_hw_support/CMakeFiles/__idf_esp_hw_support.dir/dma/gdma_etm.c.obj
[385/1655] Building C object esp-idf/esp_hw_support/CMakeFiles/__idf_esp_hw_support.dir/deprecated/gdma_legacy.c.obj
[386/1655] Building C object esp-idf/esp_hw_support/CMakeFiles/__idf_esp_hw_support.dir/port/pau_regdma.c.obj
[387/1655] Building C object esp-idf/esp_hw_support/CMakeFiles/__idf_esp_hw_support.dir/sleep_modes.c.obj
[388/1655] Building C object esp-idf/esp_hw_support/CMakeFiles/__idf_esp_hw_support.dir/dma/async_memcpy_gdma.c.obj
[389/1655] Building C object esp-idf/esp_hw_support/CMakeFiles/__idf_esp_hw_support.dir/mspi_timing_tuning.c.obj
[390/1655] Building C object esp-idf/esp_hw_support/CMakeFiles/__idf_esp_hw_support.dir/dma/gdma.c.obj
[391/1655] Building C object esp-idf/esp_hw_support/CMakeFiles/__idf_esp_hw_support.dir/esp_etm.c.obj
[392/1655] Building C object esp-idf/esp_hw_support/CMakeFiles/__idf_esp_hw_support.dir/sleep_wake_stub.c.obj
[393/1655] Building C object esp-idf/esp_hw_support/CMakeFiles/__idf_esp_hw_support.dir/port/esp32c6/pmu_param.c.obj
[394/1655] Building C object esp-idf/esp_hw_support/CMakeFiles/__idf_esp_hw_support.dir/port/regdma_link.c.obj
[395/1655] Building C object esp-idf/esp_hw_support/CMakeFiles/__idf_esp_hw_support.dir/port/esp32c6/pmu_init.c.obj
[396/1655] Building C object esp-idf/esp_hw_support/CMakeFiles/__idf_esp_hw_support.dir/port/esp32c6/chip_info.c.obj
[397/1655] Building C object esp-idf/esp_hw_support/CMakeFiles/__idf_esp_hw_support.dir/modem_clock.c.obj
[398/1655] Building ASM object esp-idf/esp_hw_support/CMakeFiles/__idf_esp_hw_support.dir/lowpower/port/esp32c6/sleep_cpu_asm.S.obj
[399/1655] Building C object esp-idf/esp_hw_support/CMakeFiles/__idf_esp_hw_support.dir/port/esp32c6/rtc_clk.c.obj
[400/1655] Building C object esp-idf/esp_hw_support/CMakeFiles/__idf_esp_hw_support.dir/esp_clock_output.c.obj
[401/1655] Building C object esp-idf/esp_hw_support/CMakeFiles/__idf_esp_hw_support.dir/port/esp32c6/rtc_clk_init.c.obj
[402/1655] Building C object esp-idf/esp_hw_support/CMakeFiles/__idf_esp_hw_support.dir/port/esp32c6/ocode_init.c.obj
[403/1655] Building C object esp-idf/esp_hw_support/CMakeFiles/__idf_esp_hw_support.dir/port/esp32c6/rtc_time.c.obj
[404/1655] Building C object esp-idf/esp_hw_support/CMakeFiles/__idf_esp_hw_support.dir/port/esp32c6/pmu_sleep.c.obj
[405/1655] Building C object esp-idf/esp_hw_support/CMakeFiles/__idf_esp_hw_support.dir/lowpower/port/esp32c6/sleep_modem_state.c.obj
[406/1655] Building C object esp-idf/esp_hw_support/CMakeFiles/__idf_esp_hw_support.dir/lowpower/port/esp32c6/sleep_clock.c.obj
[407/1655] Building C object esp-idf/esp_hw_support/CMakeFiles/__idf_esp_hw_support.dir/port/esp32c6/sar_periph_ctrl.c.obj
[408/1655] Building C object esp-idf/freertos/CMakeFiles/__idf_freertos.dir/heap_idf.c.obj
[409/1655] Building C object esp-idf/freertos/CMakeFiles/__idf_freertos.dir/app_startup.c.obj
[410/1655] Building ASM object esp-idf/freertos/CMakeFiles/__idf_freertos.dir/FreeRTOS-Kernel/portable/riscv/portasm.S.obj
[411/1655] Building C object esp-idf/freertos/CMakeFiles/__idf_freertos.dir/port_systick.c.obj
[412/1655] Building C object esp-idf/freertos/CMakeFiles/__idf_freertos.dir/port_common.c.obj
[413/1655] Building C object esp-idf/freertos/CMakeFiles/__idf_freertos.dir/FreeRTOS-Kernel/list.c.obj
[414/1655] Building C object esp-idf/esp_hw_support/CMakeFiles/__idf_esp_hw_support.dir/lowpower/port/esp32c6/sleep_cpu.c.obj
[415/1655] Building C object esp-idf/freertos/CMakeFiles/__idf_freertos.dir/FreeRTOS-Kernel/queue.c.obj
[416/1655] Building C object esp-idf/freertos/CMakeFiles/__idf_freertos.dir/FreeRTOS-Kernel/timers.c.obj
[417/1655] Building C object esp-idf/freertos/CMakeFiles/__idf_freertos.dir/FreeRTOS-Kernel/event_groups.c.obj
[418/1655] Building C object esp-idf/newlib/CMakeFiles/__idf_newlib.dir/heap.c.obj
[419/1655] Building C object esp-idf/newlib/CMakeFiles/__idf_newlib.dir/flockfile.c.obj
[420/1655] Building C object esp-idf/freertos/CMakeFiles/__idf_freertos.dir/esp_additions/freertos_compatibility.c.obj
[421/1655] Building C object esp-idf/newlib/CMakeFiles/__idf_newlib.dir/abort.c.obj
[422/1655] Building C object esp-idf/newlib/CMakeFiles/__idf_newlib.dir/assert.c.obj
[423/1655] Building C object esp-idf/freertos/CMakeFiles/__idf_freertos.dir/FreeRTOS-Kernel/stream_buffer.c.obj
[424/1655] Building C object esp-idf/freertos/CMakeFiles/__idf_freertos.dir/FreeRTOS-Kernel/portable/riscv/port.c.obj
[425/1655] Building C object esp-idf/freertos/CMakeFiles/__idf_freertos.dir/esp_additions/idf_additions_event_groups.c.obj
[426/1655] Building C object esp-idf/freertos/CMakeFiles/__idf_freertos.dir/FreeRTOS-Kernel/tasks.c.obj
[427/1655] Building C object esp-idf/freertos/CMakeFiles/__idf_freertos.dir/esp_additions/idf_additions.c.obj
[428/1655] Building C object esp-idf/newlib/CMakeFiles/__idf_newlib.dir/poll.c.obj
[429/1655] Building C object esp-idf/newlib/CMakeFiles/__idf_newlib.dir/reent_init.c.obj
[430/1655] Building C object esp-idf/newlib/CMakeFiles/__idf_newlib.dir/pthread.c.obj
[431/1655] Building C object esp-idf/newlib/CMakeFiles/__idf_newlib.dir/termios.c.obj
[432/1655] Building C object esp-idf/newlib/CMakeFiles/__idf_newlib.dir/getentropy.c.obj
[433/1655] Building C object esp-idf/newlib/CMakeFiles/__idf_newlib.dir/random.c.obj
[434/1655] Building C object esp-idf/newlib/CMakeFiles/__idf_newlib.dir/locks.c.obj
[435/1655] Building C object esp-idf/newlib/CMakeFiles/__idf_newlib.dir/sysconf.c.obj
[436/1655] Building C object esp-idf/newlib/CMakeFiles/__idf_newlib.dir/newlib_init.c.obj
[437/1655] Building C object esp-idf/newlib/CMakeFiles/__idf_newlib.dir/stdatomic.c.obj
[438/1655] Building C object esp-idf/newlib/CMakeFiles/__idf_newlib.dir/scandir.c.obj
[439/1655] Building C object esp-idf/newlib/CMakeFiles/__idf_newlib.dir/syscalls.c.obj
[440/1655] Building C object esp-idf/newlib/CMakeFiles/__idf_newlib.dir/realpath.c.obj
[441/1655] Building C object esp-idf/newlib/CMakeFiles/__idf_newlib.dir/port/esp_time_impl.c.obj
[442/1655] Building C object esp-idf/newlib/CMakeFiles/__idf_newlib.dir/time.c.obj
[443/1655] Building CXX object esp-idf/cxx/CMakeFiles/__idf_cxx.dir/cxx_exception_stubs.cpp.obj
[444/1655] Building CXX object esp-idf/cxx/CMakeFiles/__idf_cxx.dir/cxx_init.cpp.obj
[445/1655] Building C object esp-idf/esp_timer/CMakeFiles/__idf_esp_timer.dir/src/esp_timer_init.c.obj
[446/1655] Building C object esp-idf/pthread/CMakeFiles/__idf_pthread.dir/pthread_local_storage.c.obj
[447/1655] Building C object esp-idf/pthread/CMakeFiles/__idf_pthread.dir/pthread_cond_var.c.obj
[448/1655] Building C object esp-idf/pthread/CMakeFiles/__idf_pthread.dir/pthread_rwlock.c.obj
[449/1655] Building C object esp-idf/pthread/CMakeFiles/__idf_pthread.dir/pthread.c.obj
[450/1655] Building C object esp-idf/pthread/CMakeFiles/__idf_pthread.dir/pthread_semaphore.c.obj
[451/1655] Building C object esp-idf/esp_timer/CMakeFiles/__idf_esp_timer.dir/src/system_time.c.obj
[452/1655] Building C object esp-idf/esp_timer/CMakeFiles/__idf_esp_timer.dir/src/ets_timer_legacy.c.obj
[453/1655] Building C object esp-idf/esp_timer/CMakeFiles/__idf_esp_timer.dir/src/esp_timer.c.obj
[454/1655] Building C object esp-idf/esp_timer/CMakeFiles/__idf_esp_timer.dir/src/esp_timer_etm.c.obj
[455/1655] Building CXX object esp-idf/cxx/CMakeFiles/__idf_cxx.dir/cxx_guards.cpp.obj
[456/1655] Building C object esp-idf/esp_timer/CMakeFiles/__idf_esp_timer.dir/src/esp_timer_impl_common.c.obj
[457/1655] Building C object esp-idf/esp_timer/CMakeFiles/__idf_esp_timer.dir/src/esp_timer_impl_systimer.c.obj
[458/1655] Building C object esp-idf/esp_event/CMakeFiles/__idf_esp_event.dir/default_event_loop.c.obj
[459/1655] Building C object esp-idf/esp_driver_gptimer/CMakeFiles/__idf_esp_driver_gptimer.dir/src/gptimer_etm.c.obj
[460/1655] Building C object esp-idf/esp_driver_gptimer/CMakeFiles/__idf_esp_driver_gptimer.dir/src/gptimer_common.c.obj
[461/1655] Building C object esp-idf/esp_event/CMakeFiles/__idf_esp_event.dir/esp_event_private.c.obj
[462/1655] Building C object esp-idf/esp_driver_gptimer/CMakeFiles/__idf_esp_driver_gptimer.dir/src/gptimer.c.obj
[463/1655] Building C object esp-idf/esp_ringbuf/CMakeFiles/__idf_esp_ringbuf.dir/ringbuf.c.obj
[464/1655] Building C object esp-idf/esp_event/CMakeFiles/__idf_esp_event.dir/esp_event.c.obj
[465/1655] Building C object esp-idf/esp_driver_uart/CMakeFiles/__idf_esp_driver_uart.dir/src/uart_vfs.c.obj
[466/1655] Building C object esp-idf/esp_driver_uart/CMakeFiles/__idf_esp_driver_uart.dir/src/uart.c.obj
[467/1655] Building CXX object esp-idf/nvs_flash/CMakeFiles/__idf_nvs_flash.dir/src/nvs_partition.cpp.obj
[468/1655] Building CXX object esp-idf/nvs_flash/CMakeFiles/__idf_nvs_flash.dir/src/nvs_partition_lookup.cpp.obj
[469/1655] Building CXX object esp-idf/nvs_flash/CMakeFiles/__idf_nvs_flash.dir/src/nvs_platform.cpp.obj
[470/1655] Building CXX object esp-idf/nvs_flash/CMakeFiles/__idf_nvs_flash.dir/src/nvs_cxx_api.cpp.obj
[471/1655] Building CXX object esp-idf/nvs_flash/CMakeFiles/__idf_nvs_flash.dir/src/nvs_item_hash_list.cpp.obj
[472/1655] Building CXX object esp-idf/nvs_flash/CMakeFiles/__idf_nvs_flash.dir/src/nvs_api.cpp.obj
[473/1655] Building CXX object esp-idf/nvs_flash/CMakeFiles/__idf_nvs_flash.dir/src/nvs_handle_simple.cpp.obj
[474/1655] Building C object esp-idf/nvs_flash/CMakeFiles/__idf_nvs_flash.dir/src/nvs_bootloader.c.obj
[475/1655] Building CXX object esp-idf/nvs_flash/CMakeFiles/__idf_nvs_flash.dir/src/nvs_handle_locked.cpp.obj
[476/1655] Building CXX object esp-idf/nvs_flash/CMakeFiles/__idf_nvs_flash.dir/src/nvs_pagemanager.cpp.obj
[477/1655] Building CXX object esp-idf/nvs_flash/CMakeFiles/__idf_nvs_flash.dir/src/nvs_page.cpp.obj
[478/1655] Building CXX object esp-idf/nvs_flash/CMakeFiles/__idf_nvs_flash.dir/src/nvs_storage.cpp.obj
[479/1655] Building C object esp-idf/esp_driver_spi/CMakeFiles/__idf_esp_driver_spi.dir/src/gpspi/spi_dma.c.obj
[480/1655] Building CXX object esp-idf/nvs_flash/CMakeFiles/__idf_nvs_flash.dir/src/nvs_partition_manager.cpp.obj
[481/1655] Building CXX object esp-idf/nvs_flash/CMakeFiles/__idf_nvs_flash.dir/src/nvs_types.cpp.obj
[482/1655] Building C object esp-idf/esp_driver_spi/CMakeFiles/__idf_esp_driver_spi.dir/src/gpspi/spi_common.c.obj
[483/1655] Building C object esp-idf/esp_driver_pcnt/CMakeFiles/__idf_esp_driver_pcnt.dir/src/pulse_cnt.c.obj
[484/1655] Building C object esp-idf/esp_driver_mcpwm/CMakeFiles/__idf_esp_driver_mcpwm.dir/src/mcpwm_com.c.obj
[485/1655] Building C object esp-idf/esp_driver_mcpwm/CMakeFiles/__idf_esp_driver_mcpwm.dir/src/mcpwm_cmpr.c.obj
[486/1655] Building C object esp-idf/esp_driver_spi/CMakeFiles/__idf_esp_driver_spi.dir/src/gpspi/spi_slave.c.obj
[487/1655] Building C object esp-idf/esp_driver_spi/CMakeFiles/__idf_esp_driver_spi.dir/src/gpspi/spi_slave_hd.c.obj
[488/1655] Building C object esp-idf/esp_driver_spi/CMakeFiles/__idf_esp_driver_spi.dir/src/gpspi/spi_master.c.obj
[489/1655] Building C object esp-idf/esp_driver_mcpwm/CMakeFiles/__idf_esp_driver_mcpwm.dir/src/mcpwm_fault.c.obj
[490/1655] Building C object esp-idf/esp_driver_mcpwm/CMakeFiles/__idf_esp_driver_mcpwm.dir/src/mcpwm_cap.c.obj
[491/1655] Building CXX object esp-idf/nvs_flash/CMakeFiles/__idf_nvs_flash.dir/src/nvs_encrypted_partition.cpp.obj
[492/1655] Building C object esp-idf/esp_driver_mcpwm/CMakeFiles/__idf_esp_driver_mcpwm.dir/src/mcpwm_oper.c.obj
[493/1655] Building C object esp-idf/esp_driver_mcpwm/CMakeFiles/__idf_esp_driver_mcpwm.dir/src/mcpwm_sync.c.obj
[494/1655] Building C object esp-idf/esp_driver_mcpwm/CMakeFiles/__idf_esp_driver_mcpwm.dir/src/mcpwm_timer.c.obj
[495/1655] Building C object esp-idf/esp_driver_mcpwm/CMakeFiles/__idf_esp_driver_mcpwm.dir/src/mcpwm_etm.c.obj
[496/1655] Building C object esp-idf/esp_driver_mcpwm/CMakeFiles/__idf_esp_driver_mcpwm.dir/src/mcpwm_gen.c.obj
[497/1655] Building C object esp-idf/esp_driver_i2s/CMakeFiles/__idf_esp_driver_i2s.dir/i2s_std.c.obj
[498/1655] Building C object esp-idf/sdmmc/CMakeFiles/__idf_sdmmc.dir/sdmmc_cmd.c.obj
[499/1655] Building C object esp-idf/esp_driver_i2s/CMakeFiles/__idf_esp_driver_i2s.dir/i2s_pdm.c.obj
[500/1655] Building C object esp-idf/esp_driver_i2s/CMakeFiles/__idf_esp_driver_i2s.dir/i2s_platform.c.obj
[501/1655] Building C object esp-idf/esp_driver_i2s/CMakeFiles/__idf_esp_driver_i2s.dir/i2s_etm.c.obj
[502/1655] Building C object esp-idf/esp_driver_sdspi/CMakeFiles/__idf_esp_driver_sdspi.dir/src/sdspi_crc.c.obj
[503/1655] Building C object esp-idf/sdmmc/CMakeFiles/__idf_sdmmc.dir/sd_pwr_ctrl/sd_pwr_ctrl.c.obj
[504/1655] Building C object esp-idf/esp_driver_i2s/CMakeFiles/__idf_esp_driver_i2s.dir/i2s_tdm.c.obj
[505/1655] Building C object esp-idf/esp_driver_i2s/CMakeFiles/__idf_esp_driver_i2s.dir/i2s_common.c.obj
[506/1655] Building C object esp-idf/sdmmc/CMakeFiles/__idf_sdmmc.dir/sdmmc_init.c.obj
[507/1655] Building C object esp-idf/sdmmc/CMakeFiles/__idf_sdmmc.dir/sdmmc_common.c.obj
[508/1655] Building C object esp-idf/sdmmc/CMakeFiles/__idf_sdmmc.dir/sdmmc_mmc.c.obj
[509/1655] Building C object esp-idf/sdmmc/CMakeFiles/__idf_sdmmc.dir/sdmmc_io.c.obj
[510/1655] Building C object esp-idf/sdmmc/CMakeFiles/__idf_sdmmc.dir/sdmmc_sd.c.obj
[511/1655] Building C object esp-idf/esp_driver_sdspi/CMakeFiles/__idf_esp_driver_sdspi.dir/src/sdspi_transaction.c.obj
[512/1655] Building C object esp-idf/esp_driver_tsens/CMakeFiles/__idf_esp_driver_tsens.dir/src/temperature_sensor_etm.c.obj
[513/1655] Building C object esp-idf/esp_driver_sdspi/CMakeFiles/__idf_esp_driver_sdspi.dir/src/sdspi_host.c.obj
[514/1655] Building C object esp-idf/esp_driver_rmt/CMakeFiles/__idf_esp_driver_rmt.dir/src/rmt_common.c.obj
[515/1655] Building C object esp-idf/esp_driver_rmt/CMakeFiles/__idf_esp_driver_rmt.dir/src/rmt_encoder.c.obj
[516/1655] Building C object esp-idf/esp_driver_tsens/CMakeFiles/__idf_esp_driver_tsens.dir/src/temperature_sensor.c.obj
[517/1655] Building C object esp-idf/esp_driver_sdio/CMakeFiles/__idf_esp_driver_sdio.dir/src/sdio_slave.c.obj
[518/1655] Building C object esp-idf/esp_driver_sdm/CMakeFiles/__idf_esp_driver_sdm.dir/src/sdm.c.obj
[519/1655] Building C object esp-idf/esp_driver_rmt/CMakeFiles/__idf_esp_driver_rmt.dir/src/rmt_rx.c.obj
[520/1655] Building C object esp-idf/esp_driver_rmt/CMakeFiles/__idf_esp_driver_rmt.dir/src/rmt_tx.c.obj
[521/1655] Building C object esp-idf/esp_driver_i2c/CMakeFiles/__idf_esp_driver_i2c.dir/i2c_common.c.obj
[522/1655] Building C object esp-idf/esp_driver_parlio/CMakeFiles/__idf_esp_driver_parlio.dir/src/parlio_common.c.obj
[523/1655] Building C object esp-idf/esp_driver_i2c/CMakeFiles/__idf_esp_driver_i2c.dir/i2c_slave.c.obj
[524/1655] Building C object esp-idf/esp_driver_i2c/CMakeFiles/__idf_esp_driver_i2c.dir/i2c_master.c.obj
[525/1655] Building C object esp-idf/esp_driver_usb_serial_jtag/CMakeFiles/__idf_esp_driver_usb_serial_jtag.dir/src/usb_serial_jtag_connection_monitor.c.obj
[526/1655] Building C object esp-idf/esp_driver_usb_serial_jtag/CMakeFiles/__idf_esp_driver_usb_serial_jtag.dir/src/usb_serial_jtag.c.obj
[527/1655] Building C object esp-idf/esp_driver_parlio/CMakeFiles/__idf_esp_driver_parlio.dir/src/parlio_tx.c.obj
[528/1655] Building C object esp-idf/esp_driver_parlio/CMakeFiles/__idf_esp_driver_parlio.dir/src/parlio_rx.c.obj
[529/1655] Building C object esp-idf/driver/CMakeFiles/__idf_driver.dir/deprecated/adc_legacy.c.obj
[530/1655] Building C object esp-idf/esp_driver_usb_serial_jtag/CMakeFiles/__idf_esp_driver_usb_serial_jtag.dir/src/usb_serial_jtag_vfs.c.obj
[531/1655] Building C object esp-idf/esp_driver_ledc/CMakeFiles/__idf_esp_driver_ledc.dir/src/ledc.c.obj
[532/1655] Building C object esp-idf/driver/CMakeFiles/__idf_driver.dir/deprecated/adc_dma_legacy.c.obj
[533/1655] Building C object esp-idf/driver/CMakeFiles/__idf_driver.dir/deprecated/timer_legacy.c.obj
[534/1655] Building C object esp-idf/esp_phy/CMakeFiles/__idf_esp_phy.dir/src/lib_printf.c.obj
[535/1655] Building C object esp-idf/driver/CMakeFiles/__idf_driver.dir/deprecated/sigma_delta_legacy.c.obj
[536/1655] Building C object esp-idf/esp_phy/CMakeFiles/__idf_esp_phy.dir/src/phy_common.c.obj
[537/1655] Building C object esp-idf/esp_phy/CMakeFiles/__idf_esp_phy.dir/src/phy_override.c.obj
[538/1655] Building C object esp-idf/driver/CMakeFiles/__idf_driver.dir/deprecated/rtc_temperature_legacy.c.obj
[539/1655] Building C object esp-idf/driver/CMakeFiles/__idf_driver.dir/deprecated/pcnt_legacy.c.obj
[540/1655] Building C object esp-idf/esp_phy/CMakeFiles/__idf_esp_phy.dir/esp32c6/phy_init_data.c.obj
[541/1655] Building C object esp-idf/driver/CMakeFiles/__idf_driver.dir/i2c/i2c.c.obj
[542/1655] Building C object esp-idf/driver/CMakeFiles/__idf_driver.dir/deprecated/i2s_legacy.c.obj
[543/1655] Building C object esp-idf/driver/CMakeFiles/__idf_driver.dir/deprecated/mcpwm_legacy.c.obj
[544/1655] Building C object esp-idf/esp_phy/CMakeFiles/__idf_esp_phy.dir/src/btbb_init.c.obj
[545/1655] Building C object esp-idf/driver/CMakeFiles/__idf_driver.dir/twai/twai.c.obj
[546/1655] Building C object esp-idf/driver/CMakeFiles/__idf_driver.dir/deprecated/rmt_legacy.c.obj
[547/1655] Building C object esp-idf/esp_phy/CMakeFiles/__idf_esp_phy.dir/src/phy_init.c.obj
[548/1655] Building C object esp-idf/esp_vfs_console/CMakeFiles/__idf_esp_vfs_console.dir/vfs_console.c.obj
[549/1655] Building C object esp-idf/vfs/CMakeFiles/__idf_vfs.dir/vfs_eventfd.c.obj
[550/1655] Building C object esp-idf/vfs/CMakeFiles/__idf_vfs.dir/nullfs.c.obj
[551/1655] Building C object esp-idf/lwip/CMakeFiles/__idf_lwip.dir/apps/sntp/sntp.c.obj
[552/1655] Building C object esp-idf/vfs/CMakeFiles/__idf_vfs.dir/vfs_semihost.c.obj
[553/1655] Building C object esp-idf/lwip/CMakeFiles/__idf_lwip.dir/lwip/src/api/err.c.obj
[554/1655] Building C object esp-idf/lwip/CMakeFiles/__idf_lwip.dir/lwip/src/api/api_lib.c.obj
[555/1655] Building C object esp-idf/lwip/CMakeFiles/__idf_lwip.dir/lwip/src/api/if_api.c.obj
[556/1655] Building C object esp-idf/vfs/CMakeFiles/__idf_vfs.dir/vfs.c.obj
[557/1655] Building C object esp-idf/lwip/CMakeFiles/__idf_lwip.dir/lwip/src/api/netifapi.c.obj
[558/1655] Building C object esp-idf/lwip/CMakeFiles/__idf_lwip.dir/lwip/src/api/netbuf.c.obj
[559/1655] Building C object esp-idf/lwip/CMakeFiles/__idf_lwip.dir/lwip/src/api/netdb.c.obj
[560/1655] Building C object esp-idf/lwip/CMakeFiles/__idf_lwip.dir/lwip/src/api/api_msg.c.obj
[561/1655] Building C object esp-idf/lwip/CMakeFiles/__idf_lwip.dir/lwip/src/api/tcpip.c.obj
[562/1655] Building C object esp-idf/lwip/CMakeFiles/__idf_lwip.dir/lwip/src/core/def.c.obj
[563/1655] Building C object esp-idf/lwip/CMakeFiles/__idf_lwip.dir/lwip/src/apps/netbiosns/netbiosns.c.obj
[564/1655] Building C object esp-idf/lwip/CMakeFiles/__idf_lwip.dir/lwip/src/apps/sntp/sntp.c.obj
[565/1655] Building C object esp-idf/lwip/CMakeFiles/__idf_lwip.dir/lwip/src/core/inet_chksum.c.obj
[566/1655] Building C object esp-idf/lwip/CMakeFiles/__idf_lwip.dir/lwip/src/core/mem.c.obj
[567/1655] Building C object esp-idf/lwip/CMakeFiles/__idf_lwip.dir/lwip/src/core/ip.c.obj
[568/1655] Building C object esp-idf/lwip/CMakeFiles/__idf_lwip.dir/lwip/src/core/dns.c.obj
[569/1655] Building C object esp-idf/lwip/CMakeFiles/__idf_lwip.dir/lwip/src/core/init.c.obj
[570/1655] Building C object esp-idf/lwip/CMakeFiles/__idf_lwip.dir/lwip/src/core/stats.c.obj
[571/1655] Building C object esp-idf/lwip/CMakeFiles/__idf_lwip.dir/lwip/src/core/memp.c.obj
[572/1655] Building C object esp-idf/lwip/CMakeFiles/__idf_lwip.dir/lwip/src/api/sockets.c.obj
[573/1655] Building C object esp-idf/lwip/CMakeFiles/__idf_lwip.dir/lwip/src/core/sys.c.obj
[574/1655] Building C object esp-idf/lwip/CMakeFiles/__idf_lwip.dir/lwip/src/core/pbuf.c.obj
[575/1655] Building C object esp-idf/lwip/CMakeFiles/__idf_lwip.dir/lwip/src/core/netif.c.obj
[576/1655] Building C object esp-idf/lwip/CMakeFiles/__idf_lwip.dir/lwip/src/core/raw.c.obj
[577/1655] Building C object esp-idf/lwip/CMakeFiles/__idf_lwip.dir/lwip/src/core/ipv4/autoip.c.obj
[578/1655] Building C object esp-idf/lwip/CMakeFiles/__idf_lwip.dir/lwip/src/core/tcp.c.obj
[579/1655] Building C object esp-idf/lwip/CMakeFiles/__idf_lwip.dir/lwip/src/core/timeouts.c.obj
[580/1655] Building C object esp-idf/lwip/CMakeFiles/__idf_lwip.dir/lwip/src/core/tcp_in.c.obj
[581/1655] Building C object esp-idf/lwip/CMakeFiles/__idf_lwip.dir/lwip/src/core/ipv4/icmp.c.obj
[582/1655] Building C object esp-idf/lwip/CMakeFiles/__idf_lwip.dir/lwip/src/core/tcp_out.c.obj
[583/1655] Building C object esp-idf/lwip/CMakeFiles/__idf_lwip.dir/lwip/src/core/ipv4/ip4_napt.c.obj
[584/1655] Building C object esp-idf/lwip/CMakeFiles/__idf_lwip.dir/lwip/src/core/ipv4/etharp.c.obj
[585/1655] Building C object esp-idf/lwip/CMakeFiles/__idf_lwip.dir/lwip/src/core/ipv4/dhcp.c.obj
[586/1655] Building C object esp-idf/lwip/CMakeFiles/__idf_lwip.dir/lwip/src/core/udp.c.obj
[587/1655] Building C object esp-idf/lwip/CMakeFiles/__idf_lwip.dir/lwip/src/core/ipv4/igmp.c.obj
[588/1655] Building C object esp-idf/lwip/CMakeFiles/__idf_lwip.dir/lwip/src/core/ipv4/ip4.c.obj
[589/1655] Building C object esp-idf/lwip/CMakeFiles/__idf_lwip.dir/lwip/src/core/ipv4/ip4_addr.c.obj
[590/1655] Building C object esp-idf/lwip/CMakeFiles/__idf_lwip.dir/lwip/src/core/ipv6/dhcp6.c.obj
[591/1655] Building C object esp-idf/lwip/CMakeFiles/__idf_lwip.dir/lwip/src/core/ipv4/ip4_frag.c.obj
[592/1655] Building C object esp-idf/lwip/CMakeFiles/__idf_lwip.dir/lwip/src/core/ipv6/icmp6.c.obj
[593/1655] Building C object esp-idf/lwip/CMakeFiles/__idf_lwip.dir/lwip/src/core/ipv6/inet6.c.obj
[594/1655] Building C object esp-idf/lwip/CMakeFiles/__idf_lwip.dir/lwip/src/core/ipv6/ethip6.c.obj
[595/1655] Building C object esp-idf/lwip/CMakeFiles/__idf_lwip.dir/lwip/src/core/ipv6/ip6_addr.c.obj
[596/1655] Building C object esp-idf/lwip/CMakeFiles/__idf_lwip.dir/lwip/src/core/ipv6/ip6_frag.c.obj
[597/1655] Building C object esp-idf/lwip/CMakeFiles/__idf_lwip.dir/lwip/src/core/ipv6/mld6.c.obj
[598/1655] Building C object esp-idf/lwip/CMakeFiles/__idf_lwip.dir/lwip/src/netif/ethernet.c.obj
[599/1655] Building C object esp-idf/lwip/CMakeFiles/__idf_lwip.dir/lwip/src/core/ipv6/ip6.c.obj
[600/1655] Building C object esp-idf/lwip/CMakeFiles/__idf_lwip.dir/lwip/src/netif/bridgeif.c.obj
[601/1655] Building C object esp-idf/lwip/CMakeFiles/__idf_lwip.dir/lwip/src/netif/bridgeif_fdb.c.obj
[602/1655] Building C object esp-idf/lwip/CMakeFiles/__idf_lwip.dir/lwip/src/netif/ppp/auth.c.obj
[603/1655] Building C object esp-idf/lwip/CMakeFiles/__idf_lwip.dir/lwip/src/netif/slipif.c.obj
[604/1655] Building C object esp-idf/lwip/CMakeFiles/__idf_lwip.dir/lwip/src/netif/ppp/ccp.c.obj
[605/1655] Building C object esp-idf/lwip/CMakeFiles/__idf_lwip.dir/lwip/src/netif/ppp/chap-md5.c.obj
[606/1655] Building C object esp-idf/lwip/CMakeFiles/__idf_lwip.dir/lwip/src/netif/ppp/chap-new.c.obj
[607/1655] Building C object esp-idf/lwip/CMakeFiles/__idf_lwip.dir/lwip/src/netif/ppp/chap_ms.c.obj
[608/1655] Building C object esp-idf/lwip/CMakeFiles/__idf_lwip.dir/lwip/src/netif/ppp/demand.c.obj
[609/1655] Building C object esp-idf/lwip/CMakeFiles/__idf_lwip.dir/lwip/src/core/ipv6/nd6.c.obj
[610/1655] Building C object esp-idf/lwip/CMakeFiles/__idf_lwip.dir/lwip/src/netif/ppp/eap.c.obj
[611/1655] Building C object esp-idf/lwip/CMakeFiles/__idf_lwip.dir/lwip/src/netif/ppp/ecp.c.obj
[612/1655] Building C object esp-idf/lwip/CMakeFiles/__idf_lwip.dir/lwip/src/netif/ppp/eui64.c.obj
[613/1655] Building C object esp-idf/lwip/CMakeFiles/__idf_lwip.dir/lwip/src/netif/ppp/fsm.c.obj
[614/1655] Building C object esp-idf/lwip/CMakeFiles/__idf_lwip.dir/lwip/src/netif/ppp/ipcp.c.obj
[615/1655] Building C object esp-idf/lwip/CMakeFiles/__idf_lwip.dir/lwip/src/netif/ppp/ipv6cp.c.obj
[616/1655] Building C object esp-idf/lwip/CMakeFiles/__idf_lwip.dir/lwip/src/netif/ppp/lcp.c.obj
[617/1655] Building C object esp-idf/lwip/CMakeFiles/__idf_lwip.dir/lwip/src/netif/ppp/magic.c.obj
[618/1655] Building C object esp-idf/lwip/CMakeFiles/__idf_lwip.dir/lwip/src/netif/ppp/multilink.c.obj
[619/1655] Building C object esp-idf/lwip/CMakeFiles/__idf_lwip.dir/lwip/src/netif/ppp/mppe.c.obj
[620/1655] Building C object esp-idf/lwip/CMakeFiles/__idf_lwip.dir/lwip/src/netif/ppp/ppp.c.obj
[621/1655] Building C object esp-idf/lwip/CMakeFiles/__idf_lwip.dir/lwip/src/netif/ppp/pppcrypt.c.obj
[622/1655] Building C object esp-idf/lwip/CMakeFiles/__idf_lwip.dir/lwip/src/netif/ppp/pppapi.c.obj
[623/1655] Building C object esp-idf/lwip/CMakeFiles/__idf_lwip.dir/lwip/src/netif/ppp/pppos.c.obj
[624/1655] Building C object esp-idf/lwip/CMakeFiles/__idf_lwip.dir/lwip/src/netif/ppp/pppol2tp.c.obj
[625/1655] Building C object esp-idf/lwip/CMakeFiles/__idf_lwip.dir/lwip/src/netif/ppp/pppoe.c.obj
[626/1655] Building C object esp-idf/lwip/CMakeFiles/__idf_lwip.dir/lwip/src/netif/ppp/upap.c.obj
[627/1655] Building C object esp-idf/lwip/CMakeFiles/__idf_lwip.dir/lwip/src/netif/ppp/utils.c.obj
[628/1655] Building C object esp-idf/lwip/CMakeFiles/__idf_lwip.dir/lwip/src/netif/ppp/vj.c.obj
[629/1655] Building C object esp-idf/lwip/CMakeFiles/__idf_lwip.dir/port/hooks/tcp_isn_default.c.obj
[630/1655] Building C object esp-idf/lwip/CMakeFiles/__idf_lwip.dir/port/hooks/lwip_default_hooks.c.obj
[631/1655] Building C object esp-idf/lwip/CMakeFiles/__idf_lwip.dir/port/freertos/sys_arch.c.obj
[632/1655] Building C object esp-idf/lwip/CMakeFiles/__idf_lwip.dir/port/acd_dhcp_check.c.obj
[633/1655] Building C object esp-idf/lwip/CMakeFiles/__idf_lwip.dir/port/debug/lwip_debug.c.obj
[634/1655] Building C object esp-idf/lwip/CMakeFiles/__idf_lwip.dir/apps/ping/esp_ping.c.obj
[635/1655] Building C object esp-idf/lwip/CMakeFiles/__idf_lwip.dir/port/sockets_ext.c.obj
[636/1655] Building C object esp-idf/lwip/CMakeFiles/__idf_lwip.dir/port/esp32xx/vfs_lwip.c.obj
[637/1655] Building C object esp-idf/lwip/CMakeFiles/__idf_lwip.dir/lwip/src/netif/ppp/polarssl/des.c.obj
[638/1655] Building C object esp-idf/lwip/CMakeFiles/__idf_lwip.dir/lwip/src/netif/ppp/polarssl/arc4.c.obj
[639/1655] Building C object esp-idf/lwip/CMakeFiles/__idf_lwip.dir/apps/ping/ping.c.obj
[640/1655] Building C object esp-idf/esp_netif/CMakeFiles/__idf_esp_netif.dir/esp_netif_defaults.c.obj
[641/1655] Building C object esp-idf/lwip/CMakeFiles/__idf_lwip.dir/lwip/src/netif/ppp/polarssl/md4.c.obj
[642/1655] Building C object esp-idf/esp_netif/CMakeFiles/__idf_esp_netif.dir/esp_netif_objects.c.obj
[643/1655] Building C object esp-idf/lwip/CMakeFiles/__idf_lwip.dir/apps/ping/ping_sock.c.obj
[644/1655] Building C object esp-idf/esp_netif/CMakeFiles/__idf_esp_netif.dir/esp_netif_handlers.c.obj
[645/1655] Building C object esp-idf/lwip/CMakeFiles/__idf_lwip.dir/lwip/src/netif/ppp/polarssl/md5.c.obj
[646/1655] Building C object esp-idf/lwip/CMakeFiles/__idf_lwip.dir/lwip/src/netif/ppp/polarssl/sha1.c.obj
[647/1655] Building C object esp-idf/esp_netif/CMakeFiles/__idf_esp_netif.dir/lwip/esp_netif_lwip_defaults.c.obj
[648/1655] Building C object esp-idf/esp_netif/CMakeFiles/__idf_esp_netif.dir/lwip/esp_netif_sntp.c.obj
[649/1655] Building C object esp-idf/esp_netif/CMakeFiles/__idf_esp_netif.dir/lwip/netif/esp_pbuf_ref.c.obj
[650/1655] Building C object esp-idf/esp_netif/CMakeFiles/__idf_esp_netif.dir/lwip/netif/wlanif.c.obj
[651/1655] Building C object esp-idf/wpa_supplicant/CMakeFiles/__idf_wpa_supplicant.dir/port/os_xtensa.c.obj
[652/1655] Building C object esp-idf/esp_netif/CMakeFiles/__idf_esp_netif.dir/lwip/netif/ethernetif.c.obj
[653/1655] Building C object esp-idf/wpa_supplicant/CMakeFiles/__idf_wpa_supplicant.dir/port/eloop.c.obj
[654/1655] Building C object esp-idf/lwip/CMakeFiles/__idf_lwip.dir/apps/dhcpserver/dhcpserver.c.obj
[655/1655] Building C object esp-idf/wpa_supplicant/CMakeFiles/__idf_wpa_supplicant.dir/src/ap/ap_config.c.obj
[656/1655] Building C object esp-idf/wpa_supplicant/CMakeFiles/__idf_wpa_supplicant.dir/src/ap/ieee802_1x.c.obj
[657/1655] Building C object esp-idf/esp_netif/CMakeFiles/__idf_esp_netif.dir/lwip/esp_netif_lwip.c.obj
[658/1655] Building C object esp-idf/wpa_supplicant/CMakeFiles/__idf_wpa_supplicant.dir/src/ap/wpa_auth_ie.c.obj
[659/1655] Building C object esp-idf/wpa_supplicant/CMakeFiles/__idf_wpa_supplicant.dir/src/ap/pmksa_cache_auth.c.obj
[660/1655] Building C object esp-idf/wpa_supplicant/CMakeFiles/__idf_wpa_supplicant.dir/src/ap/comeback_token.c.obj
[661/1655] Building C object esp-idf/wpa_supplicant/CMakeFiles/__idf_wpa_supplicant.dir/src/ap/sta_info.c.obj
[662/1655] Building C object esp-idf/wpa_supplicant/CMakeFiles/__idf_wpa_supplicant.dir/src/utils/bitfield.c.obj
[663/1655] Building C object esp-idf/wpa_supplicant/CMakeFiles/__idf_wpa_supplicant.dir/src/common/dragonfly.c.obj
[664/1655] Building C object esp-idf/wpa_supplicant/CMakeFiles/__idf_wpa_supplicant.dir/src/ap/wpa_auth.c.obj
[665/1655] Building C object esp-idf/wpa_supplicant/CMakeFiles/__idf_wpa_supplicant.dir/src/ap/ieee802_11.c.obj
[666/1655] Building C object esp-idf/wpa_supplicant/CMakeFiles/__idf_wpa_supplicant.dir/src/crypto/aes-siv.c.obj
[667/1655] Building C object esp-idf/wpa_supplicant/CMakeFiles/__idf_wpa_supplicant.dir/src/common/wpa_common.c.obj
[668/1655] Building C object esp-idf/wpa_supplicant/CMakeFiles/__idf_wpa_supplicant.dir/src/crypto/sha256-kdf.c.obj
[669/1655] Building C object esp-idf/wpa_supplicant/CMakeFiles/__idf_wpa_supplicant.dir/src/common/sae.c.obj
[670/1655] Building C object esp-idf/wpa_supplicant/CMakeFiles/__idf_wpa_supplicant.dir/src/crypto/dh_group5.c.obj
[671/1655] Building C object esp-idf/wpa_supplicant/CMakeFiles/__idf_wpa_supplicant.dir/src/crypto/crypto_ops.c.obj
[672/1655] Building C object esp-idf/wpa_supplicant/CMakeFiles/__idf_wpa_supplicant.dir/src/crypto/aes-gcm.c.obj
[673/1655] Building C object esp-idf/wpa_supplicant/CMakeFiles/__idf_wpa_supplicant.dir/src/crypto/ccmp.c.obj
[674/1655] Building C object esp-idf/wpa_supplicant/CMakeFiles/__idf_wpa_supplicant.dir/src/crypto/dh_groups.c.obj
[675/1655] Building C object esp-idf/wpa_supplicant/CMakeFiles/__idf_wpa_supplicant.dir/src/crypto/sha1-tlsprf.c.obj
[676/1655] Building C object esp-idf/wpa_supplicant/CMakeFiles/__idf_wpa_supplicant.dir/src/crypto/sha384-tlsprf.c.obj
[677/1655] Building C object esp-idf/wpa_supplicant/CMakeFiles/__idf_wpa_supplicant.dir/src/crypto/sha256-tlsprf.c.obj
[678/1655] Building C object esp-idf/wpa_supplicant/CMakeFiles/__idf_wpa_supplicant.dir/src/crypto/ms_funcs.c.obj
[679/1655] Building C object esp-idf/wpa_supplicant/CMakeFiles/__idf_wpa_supplicant.dir/src/crypto/sha256-prf.c.obj
[680/1655] Building C object esp-idf/wpa_supplicant/CMakeFiles/__idf_wpa_supplicant.dir/src/crypto/sha384-prf.c.obj
[681/1655] Building C object esp-idf/wpa_supplicant/CMakeFiles/__idf_wpa_supplicant.dir/src/crypto/sha1-prf.c.obj
[682/1655] Building C object esp-idf/wpa_supplicant/CMakeFiles/__idf_wpa_supplicant.dir/src/eap_common/eap_wsc_common.c.obj
[683/1655] Building C object esp-idf/wpa_supplicant/CMakeFiles/__idf_wpa_supplicant.dir/src/crypto/sha1-tprf.c.obj
[684/1655] Building C object esp-idf/wpa_supplicant/CMakeFiles/__idf_wpa_supplicant.dir/src/crypto/md4-internal.c.obj
[685/1655] Building C object esp-idf/wpa_supplicant/CMakeFiles/__idf_wpa_supplicant.dir/src/eap_peer/chap.c.obj
[686/1655] Building C object esp-idf/wpa_supplicant/CMakeFiles/__idf_wpa_supplicant.dir/src/common/ieee802_11_common.c.obj
[687/1655] Building C object esp-idf/wpa_supplicant/CMakeFiles/__idf_wpa_supplicant.dir/src/eap_peer/eap_common.c.obj
[688/1655] Building C object esp-idf/wpa_supplicant/CMakeFiles/__idf_wpa_supplicant.dir/src/eap_peer/eap_peap_common.c.obj
[689/1655] Building C object esp-idf/wpa_supplicant/CMakeFiles/__idf_wpa_supplicant.dir/src/eap_peer/eap_mschapv2.c.obj
[690/1655] Building C object esp-idf/wpa_supplicant/CMakeFiles/__idf_wpa_supplicant.dir/src/eap_peer/eap.c.obj
[691/1655] Building C object esp-idf/wpa_supplicant/CMakeFiles/__idf_wpa_supplicant.dir/src/eap_peer/eap_peap.c.obj
[692/1655] Building C object esp-idf/wpa_supplicant/CMakeFiles/__idf_wpa_supplicant.dir/src/eap_peer/eap_tls.c.obj
[693/1655] Building C object esp-idf/wpa_supplicant/CMakeFiles/__idf_wpa_supplicant.dir/src/eap_peer/mschapv2.c.obj
[694/1655] Building C object esp-idf/wpa_supplicant/CMakeFiles/__idf_wpa_supplicant.dir/src/eap_peer/eap_tls_common.c.obj
[695/1655] Building C object esp-idf/wpa_supplicant/CMakeFiles/__idf_wpa_supplicant.dir/src/eap_peer/eap_fast_common.c.obj
[696/1655] Building C object esp-idf/wpa_supplicant/CMakeFiles/__idf_wpa_supplicant.dir/src/eap_peer/eap_ttls.c.obj
[697/1655] Building C object esp-idf/wpa_supplicant/CMakeFiles/__idf_wpa_supplicant.dir/src/eap_peer/eap_fast_pac.c.obj
[698/1655] Building C object esp-idf/wpa_supplicant/CMakeFiles/__idf_wpa_supplicant.dir/src/rsn_supp/pmksa_cache.c.obj
[699/1655] Building C object esp-idf/wpa_supplicant/CMakeFiles/__idf_wpa_supplicant.dir/src/rsn_supp/wpa_ie.c.obj
[700/1655] Building C object esp-idf/wpa_supplicant/CMakeFiles/__idf_wpa_supplicant.dir/src/eap_peer/eap_fast.c.obj
[701/1655] Building C object esp-idf/wpa_supplicant/CMakeFiles/__idf_wpa_supplicant.dir/src/utils/base64.c.obj
[702/1655] Building C object esp-idf/wpa_supplicant/CMakeFiles/__idf_wpa_supplicant.dir/src/utils/common.c.obj
[703/1655] Building C object esp-idf/wpa_supplicant/CMakeFiles/__idf_wpa_supplicant.dir/src/utils/uuid.c.obj
[704/1655] Building C object esp-idf/wpa_supplicant/CMakeFiles/__idf_wpa_supplicant.dir/src/utils/ext_password.c.obj
[705/1655] Building C object esp-idf/wpa_supplicant/CMakeFiles/__idf_wpa_supplicant.dir/src/utils/wpa_debug.c.obj
[706/1655] Building C object esp-idf/wpa_supplicant/CMakeFiles/__idf_wpa_supplicant.dir/src/utils/wpabuf.c.obj
[707/1655] Building C object esp-idf/wpa_supplicant/CMakeFiles/__idf_wpa_supplicant.dir/src/rsn_supp/wpa.c.obj
[708/1655] Building C object esp-idf/wpa_supplicant/CMakeFiles/__idf_wpa_supplicant.dir/esp_supplicant/src/esp_wpa2_api_port.c.obj
[709/1655] Building C object esp-idf/wpa_supplicant/CMakeFiles/__idf_wpa_supplicant.dir/src/utils/json.c.obj
[710/1655] Building C object esp-idf/wpa_supplicant/CMakeFiles/__idf_wpa_supplicant.dir/src/wps/wps_attr_build.c.obj
[711/1655] Building C object esp-idf/wpa_supplicant/CMakeFiles/__idf_wpa_supplicant.dir/src/wps/wps_attr_parse.c.obj
[712/1655] Building C object esp-idf/wpa_supplicant/CMakeFiles/__idf_wpa_supplicant.dir/src/wps/wps_attr_process.c.obj
[713/1655] Building C object esp-idf/wpa_supplicant/CMakeFiles/__idf_wpa_supplicant.dir/src/wps/wps.c.obj
[714/1655] Building C object esp-idf/wpa_supplicant/CMakeFiles/__idf_wpa_supplicant.dir/src/wps/wps_common.c.obj
[715/1655] Building C object esp-idf/wpa_supplicant/CMakeFiles/__idf_wpa_supplicant.dir/src/wps/wps_dev_attr.c.obj
[716/1655] Building C object esp-idf/wpa_supplicant/CMakeFiles/__idf_wpa_supplicant.dir/src/common/sae_pk.c.obj
[717/1655] Building C object esp-idf/wpa_supplicant/CMakeFiles/__idf_wpa_supplicant.dir/esp_supplicant/src/esp_wpas_glue.c.obj
[718/1655] Building C object esp-idf/wpa_supplicant/CMakeFiles/__idf_wpa_supplicant.dir/src/wps/wps_enrollee.c.obj
[719/1655] Building C object esp-idf/wpa_supplicant/CMakeFiles/__idf_wpa_supplicant.dir/esp_supplicant/src/esp_owe.c.obj
[720/1655] Building C object esp-idf/wpa_supplicant/CMakeFiles/__idf_wpa_supplicant.dir/esp_supplicant/src/esp_wpa_main.c.obj
[721/1655] Building C object esp-idf/wpa_supplicant/CMakeFiles/__idf_wpa_supplicant.dir/esp_supplicant/src/esp_common.c.obj
[722/1655] Building C object esp-idf/wpa_supplicant/CMakeFiles/__idf_wpa_supplicant.dir/esp_supplicant/src/esp_eap_client.c.obj
[723/1655] Building C object esp-idf/wpa_supplicant/CMakeFiles/__idf_wpa_supplicant.dir/esp_supplicant/src/esp_wpa3.c.obj
[724/1655] Building C object esp-idf/wpa_supplicant/CMakeFiles/__idf_wpa_supplicant.dir/esp_supplicant/src/esp_hostap.c.obj
[725/1655] Building C object esp-idf/wpa_supplicant/CMakeFiles/__idf_wpa_supplicant.dir/esp_supplicant/src/crypto/fastpbkdf2.c.obj
[726/1655] Building C object esp-idf/wpa_supplicant/CMakeFiles/__idf_wpa_supplicant.dir/esp_supplicant/src/esp_wps.c.obj
[727/1655] Building C object esp-idf/esp_coex/CMakeFiles/__idf_esp_coex.dir/src/lib_printf.c.obj
[728/1655] Building C object esp-idf/esp_coex/CMakeFiles/__idf_esp_coex.dir/src/coexist.c.obj
[729/1655] Building C object esp-idf/wpa_supplicant/CMakeFiles/__idf_wpa_supplicant.dir/src/crypto/rc4.c.obj
[730/1655] Building C object esp-idf/wpa_supplicant/CMakeFiles/__idf_wpa_supplicant.dir/src/crypto/aes-wrap.c.obj
[731/1655] Building C object esp-idf/wpa_supplicant/CMakeFiles/__idf_wpa_supplicant.dir/esp_supplicant/src/crypto/tls_mbedtls.c.obj
[732/1655] Building C object esp-idf/esp_coex/CMakeFiles/__idf_esp_coex.dir/src/coexist_debug_diagram.c.obj
[733/1655] Building C object esp-idf/wpa_supplicant/CMakeFiles/__idf_wpa_supplicant.dir/esp_supplicant/src/crypto/crypto_mbedtls.c.obj
[734/1655] Building C object esp-idf/wpa_supplicant/CMakeFiles/__idf_wpa_supplicant.dir/src/crypto/aes-unwrap.c.obj
[735/1655] Building C object esp-idf/wpa_supplicant/CMakeFiles/__idf_wpa_supplicant.dir/esp_supplicant/src/crypto/crypto_mbedtls-bignum.c.obj
[736/1655] Building C object esp-idf/wpa_supplicant/CMakeFiles/__idf_wpa_supplicant.dir/src/crypto/des-internal.c.obj
[737/1655] Building C object esp-idf/wpa_supplicant/CMakeFiles/__idf_wpa_supplicant.dir/src/crypto/aes-ccm.c.obj
[738/1655] Building C object esp-idf/esp_wifi/CMakeFiles/__idf_esp_wifi.dir/src/lib_printf.c.obj
[739/1655] Building C object esp-idf/wpa_supplicant/CMakeFiles/__idf_wpa_supplicant.dir/esp_supplicant/src/crypto/crypto_mbedtls-rsa.c.obj
[740/1655] Building C object esp-idf/esp_wifi/CMakeFiles/__idf_esp_wifi.dir/src/wifi_default_ap.c.obj
[741/1655] Building C object esp-idf/esp_coex/CMakeFiles/__idf_esp_coex.dir/src/coexist_debug.c.obj
[742/1655] Building C object esp-idf/wpa_supplicant/CMakeFiles/__idf_wpa_supplicant.dir/esp_supplicant/src/crypto/crypto_mbedtls-ec.c.obj
[743/1655] Building C object esp-idf/esp_wifi/CMakeFiles/__idf_esp_wifi.dir/src/mesh_event.c.obj
[744/1655] Building C object esp-idf/esp_coex/CMakeFiles/__idf_esp_coex.dir/esp32c6/esp_coex_adapter.c.obj
[745/1655] Building C object esp-idf/console/CMakeFiles/__idf_console.dir/split_argv.c.obj
[746/1655] Building C object esp-idf/esp_wifi/CMakeFiles/__idf_esp_wifi.dir/src/smartconfig.c.obj
[747/1655] Building C object esp-idf/esp_wifi/CMakeFiles/__idf_esp_wifi.dir/src/wifi_netif.c.obj
[748/1655] Building C object esp-idf/esp_wifi/CMakeFiles/__idf_esp_wifi.dir/src/wifi_init.c.obj
[749/1655] Building C object esp-idf/esp_wifi/CMakeFiles/__idf_esp_wifi.dir/src/wifi_default.c.obj
[750/1655] Building C object esp-idf/console/CMakeFiles/__idf_console.dir/argtable3/arg_dstr.c.obj
[751/1655] Building C object esp-idf/console/CMakeFiles/__idf_console.dir/commands.c.obj
[752/1655] Building C object esp-idf/console/CMakeFiles/__idf_console.dir/argtable3/arg_dbl.c.obj
[753/1655] Building C object esp-idf/console/CMakeFiles/__idf_console.dir/argtable3/arg_cmd.c.obj
[754/1655] Building C object esp-idf/console/CMakeFiles/__idf_console.dir/esp_console_common.c.obj
[755/1655] Building C object esp-idf/console/CMakeFiles/__idf_console.dir/argtable3/arg_date.c.obj
[756/1655] Building C object esp-idf/console/CMakeFiles/__idf_console.dir/argtable3/arg_end.c.obj
[757/1655] Building C object esp-idf/esp_wifi/CMakeFiles/__idf_esp_wifi.dir/src/smartconfig_ack.c.obj
[758/1655] Building C object esp-idf/console/CMakeFiles/__idf_console.dir/argtable3/arg_file.c.obj
[759/1655] Building C object esp-idf/esp_wifi/CMakeFiles/__idf_esp_wifi.dir/esp32c6/esp_adapter.c.obj
[760/1655] Building C object esp-idf/console/CMakeFiles/__idf_console.dir/esp_console_repl_chip.c.obj
[761/1655] Building C object esp-idf/console/CMakeFiles/__idf_console.dir/linenoise/linenoise.c.obj
[762/1655] Building C object esp-idf/console/CMakeFiles/__idf_console.dir/argtable3/arg_rem.c.obj
[763/1655] Building C object esp-idf/console/CMakeFiles/__idf_console.dir/argtable3/arg_hashtable.c.obj
[764/1655] Building C object esp-idf/console/CMakeFiles/__idf_console.dir/argtable3/arg_int.c.obj
[765/1655] Building C object esp-idf/console/CMakeFiles/__idf_console.dir/argtable3/arg_lit.c.obj
[766/1655] Building C object esp-idf/console/CMakeFiles/__idf_console.dir/argtable3/arg_str.c.obj
[767/1655] Building C object esp-idf/console/CMakeFiles/__idf_console.dir/argtable3/arg_utils.c.obj
[768/1655] Building C object esp-idf/esp-tls/CMakeFiles/__idf_esp-tls.dir/esp_tls_platform_port.c.obj
[769/1655] Building C object esp-idf/esp-tls/CMakeFiles/__idf_esp-tls.dir/esp-tls-crypto/esp_tls_crypto.c.obj
[770/1655] Building C object esp-idf/console/CMakeFiles/__idf_console.dir/argtable3/arg_rex.c.obj
[771/1655] Building C object esp-idf/console/CMakeFiles/__idf_console.dir/argtable3/argtable3.c.obj
[772/1655] Building C object esp-idf/esp_adc/CMakeFiles/__idf_esp_adc.dir/adc_cali.c.obj
[773/1655] Building C object esp-idf/esp_adc/CMakeFiles/__idf_esp_adc.dir/deprecated/esp_adc_cal_common_legacy.c.obj
[774/1655] Building C object esp-idf/esp_adc/CMakeFiles/__idf_esp_adc.dir/adc_cali_curve_fitting.c.obj
[775/1655] Building C object esp-idf/esp-tls/CMakeFiles/__idf_esp-tls.dir/esp_tls_error_capture.c.obj
[776/1655] Building C object esp-idf/esp_adc/CMakeFiles/__idf_esp_adc.dir/esp32c6/curve_fitting_coefficients.c.obj
[777/1655] Building C object esp-idf/esp_adc/CMakeFiles/__idf_esp_adc.dir/adc_common.c.obj
[778/1655] Building C object esp-idf/esp_adc/CMakeFiles/__idf_esp_adc.dir/adc_oneshot.c.obj
[779/1655] Building C object esp-idf/http_parser/CMakeFiles/__idf_http_parser.dir/http_parser.c.obj
[780/1655] Building C object esp-idf/esp_adc/CMakeFiles/__idf_esp_adc.dir/gdma/adc_dma.c.obj
[781/1655] Building C object esp-idf/esp-tls/CMakeFiles/__idf_esp-tls.dir/esp_tls.c.obj
[782/1655] Building C object esp-idf/esp_adc/CMakeFiles/__idf_esp_adc.dir/adc_filter.c.obj
[783/1655] Building C object esp-idf/esp_adc/CMakeFiles/__idf_esp_adc.dir/adc_monitor.c.obj
[784/1655] Building C object esp-idf/esp_gdbstub/CMakeFiles/__idf_esp_gdbstub.dir/src/packet.c.obj
[785/1655] Building C object esp-idf/esp_adc/CMakeFiles/__idf_esp_adc.dir/adc_continuous.c.obj
[786/1655] Building C object esp-idf/esp_gdbstub/CMakeFiles/__idf_esp_gdbstub.dir/src/gdbstub_transport.c.obj
[787/1655] Building C object esp-idf/esp_gdbstub/CMakeFiles/__idf_esp_gdbstub.dir/src/port/riscv/gdbstub_riscv.c.obj
[788/1655] Building C object esp-idf/esp_gdbstub/CMakeFiles/__idf_esp_gdbstub.dir/src/gdbstub.c.obj
[789/1655] Building C object esp-idf/esp-tls/CMakeFiles/__idf_esp-tls.dir/esp_tls_mbedtls.c.obj
[790/1655] Building C object esp-idf/esp_gdbstub/CMakeFiles/__idf_esp_gdbstub.dir/src/port/riscv/rv_decode.c.obj
[791/1655] Building C object esp-idf/esp_http_client/CMakeFiles/__idf_esp_http_client.dir/lib/http_utils.c.obj
[792/1655] Building C object esp-idf/esp_http_client/CMakeFiles/__idf_esp_http_client.dir/lib/http_header.c.obj
[793/1655] Building C object esp-idf/tcp_transport/CMakeFiles/__idf_tcp_transport.dir/transport_socks_proxy.c.obj
[794/1655] Building C object esp-idf/tcp_transport/CMakeFiles/__idf_tcp_transport.dir/transport_internal.c.obj
[795/1655] Building C object esp-idf/esp_http_client/CMakeFiles/__idf_esp_http_client.dir/lib/http_auth.c.obj
[796/1655] Building C object esp-idf/tcp_transport/CMakeFiles/__idf_tcp_transport.dir/transport_ssl.c.obj
[797/1655] Building C object esp-idf/esp_http_server/CMakeFiles/__idf_esp_http_server.dir/src/httpd_sess.c.obj
[798/1655] Building C object esp-idf/tcp_transport/CMakeFiles/__idf_tcp_transport.dir/transport.c.obj
[799/1655] Building C object esp-idf/esp_http_server/CMakeFiles/__idf_esp_http_server.dir/src/httpd_parse.c.obj
[800/1655] Building C object esp-idf/tcp_transport/CMakeFiles/__idf_tcp_transport.dir/transport_ws.c.obj
[801/1655] Building C object esp-idf/esp_http_server/CMakeFiles/__idf_esp_http_server.dir/src/httpd_main.c.obj
[802/1655] Building C object esp-idf/esp_http_server/CMakeFiles/__idf_esp_http_server.dir/src/httpd_uri.c.obj
[803/1655] Building C object esp-idf/esp_http_server/CMakeFiles/__idf_esp_http_server.dir/src/util/ctrl_sock.c.obj
[804/1655] Building C object esp-idf/ieee802154/CMakeFiles/__idf_ieee802154.dir/driver/esp_ieee802154_ack.c.obj
[805/1655] Building C object esp-idf/ieee802154/CMakeFiles/__idf_ieee802154.dir/esp_ieee802154.c.obj
[806/1655] Building C object esp-idf/ieee802154/CMakeFiles/__idf_ieee802154.dir/driver/esp_ieee802154_event.c.obj
[807/1655] Building C object esp-idf/esp_http_server/CMakeFiles/__idf_esp_http_server.dir/src/httpd_ws.c.obj
[808/1655] Building C object esp-idf/esp_http_server/CMakeFiles/__idf_esp_http_server.dir/src/httpd_txrx.c.obj
[809/1655] Building C object esp-idf/ieee802154/CMakeFiles/__idf_ieee802154.dir/driver/esp_ieee802154_frame.c.obj
[810/1655] Building C object esp-idf/esp_http_client/CMakeFiles/__idf_esp_http_client.dir/esp_http_client.c.obj
[811/1655] Building C object esp-idf/ieee802154/CMakeFiles/__idf_ieee802154.dir/driver/esp_ieee802154_pib.c.obj
[812/1655] Building C object esp-idf/ieee802154/CMakeFiles/__idf_ieee802154.dir/driver/esp_ieee802154_sec.c.obj
[813/1655] Building C object esp-idf/esp_https_ota/CMakeFiles/__idf_esp_https_ota.dir/src/esp_https_ota.c.obj
[814/1655] Building C object esp-idf/ieee802154/CMakeFiles/__idf_ieee802154.dir/driver/esp_ieee802154_util.c.obj
[815/1655] Building C object esp-idf/ieee802154/CMakeFiles/__idf_ieee802154.dir/driver/esp_ieee802154_timer.c.obj
[816/1655] Building C object esp-idf/ieee802154/CMakeFiles/__idf_ieee802154.dir/driver/esp_ieee802154_dev.c.obj
[817/1655] Building C object esp-idf/openthread/CMakeFiles/__idf_openthread.dir/src/esp_openthread_lock.c.obj
[818/1655] Building C object esp-idf/openthread/CMakeFiles/__idf_openthread.dir/src/esp_openthread_cli.c.obj
[819/1655] Building C object esp-idf/openthread/CMakeFiles/__idf_openthread.dir/src/port/esp_openthread_settings.c.obj
[820/1655] Building C object esp-idf/openthread/CMakeFiles/__idf_openthread.dir/src/port/esp_openthread_alarm.c.obj
[821/1655] Building CXX object esp-idf/openthread/CMakeFiles/__idf_openthread.dir/src/esp_openthread.cpp.obj
[822/1655] Building C object esp-idf/openthread/CMakeFiles/__idf_openthread.dir/src/port/esp_openthread_memory.c.obj
[823/1655] Building C object esp-idf/openthread/CMakeFiles/__idf_openthread.dir/src/port/esp_openthread_logging.c.obj
[824/1655] Building C object esp-idf/openthread/CMakeFiles/__idf_openthread.dir/src/esp_openthread_lwip_netif.c.obj
[825/1655] Building C object esp-idf/openthread/CMakeFiles/__idf_openthread.dir/src/port/esp_openthread_misc.c.obj
[826/1655] Building C object esp-idf/openthread/CMakeFiles/__idf_openthread.dir/src/esp_openthread_task_queue.c.obj
[827/1655] Building C object esp-idf/openthread/CMakeFiles/__idf_openthread.dir/src/esp_openthread_netif_glue.c.obj
[828/1655] Building C object esp-idf/openthread/CMakeFiles/__idf_openthread.dir/src/port/esp_openthread_radio.c.obj
[829/1655] Building C object esp-idf/openthread/CMakeFiles/__idf_openthread.dir/openthread/examples/platforms/utils/debug_uart.c.obj
[830/1655] Building C object esp-idf/openthread/CMakeFiles/__idf_openthread.dir/openthread/examples/platforms/utils/settings_ram.c.obj
[831/1655] Building C object esp-idf/openthread/CMakeFiles/__idf_openthread.dir/openthread/examples/platforms/utils/uart_rtt.c.obj
[832/1655] Building CXX object esp-idf/openthread/CMakeFiles/__idf_openthread.dir/openthread/examples/platforms/utils/otns_utils.cpp.obj
[833/1655] Building CXX object esp-idf/openthread/CMakeFiles/__idf_openthread.dir/openthread/examples/platforms/utils/link_metrics.cpp.obj
[834/1655] Building C object esp-idf/openthread/CMakeFiles/__idf_openthread.dir/src/port/esp_openthread_spi_slave.c.obj
[835/1655] Building CXX object esp-idf/openthread/CMakeFiles/__idf_openthread.dir/openthread/examples/platforms/utils/mac_frame.cpp.obj
[836/1655] Building C object esp-idf/openthread/CMakeFiles/__idf_openthread.dir/src/port/esp_openthread_state.c.obj
[837/1655] Building CXX object esp-idf/openthread/CMakeFiles/__idf_openthread.dir/openthread/src/core/api/backbone_router_ftd_api.cpp.obj
[838/1655] Building CXX object esp-idf/openthread/CMakeFiles/__idf_openthread.dir/openthread/src/core/api/ble_secure_api.cpp.obj
[839/1655] Building C object esp-idf/openthread/CMakeFiles/__idf_openthread.dir/src/port/esp_openthread_uart.c.obj
[840/1655] Building CXX object esp-idf/openthread/CMakeFiles/__idf_openthread.dir/openthread/src/core/api/border_router_api.cpp.obj
[841/1655] Building CXX object esp-idf/openthread/CMakeFiles/__idf_openthread.dir/openthread/src/core/api/channel_manager_api.cpp.obj
[842/1655] Building CXX object esp-idf/openthread/CMakeFiles/__idf_openthread.dir/openthread/src/core/api/border_agent_api.cpp.obj
[843/1655] Building CXX object esp-idf/openthread/CMakeFiles/__idf_openthread.dir/openthread/src/core/api/border_routing_api.cpp.obj
[844/1655] Building CXX object esp-idf/openthread/CMakeFiles/__idf_openthread.dir/openthread/src/core/api/channel_monitor_api.cpp.obj
[845/1655] Building C object esp-idf/openthread/CMakeFiles/__idf_openthread.dir/src/port/esp_openthread_udp.c.obj
[846/1655] Building CXX object esp-idf/openthread/CMakeFiles/__idf_openthread.dir/openthread/src/core/api/commissioner_api.cpp.obj
[847/1655] Building CXX object esp-idf/openthread/CMakeFiles/__idf_openthread.dir/openthread/src/core/api/coap_secure_api.cpp.obj
[848/1655] Building CXX object esp-idf/openthread/CMakeFiles/__idf_openthread.dir/openthread/src/core/api/dataset_updater_api.cpp.obj
[849/1655] Building CXX object esp-idf/openthread/CMakeFiles/__idf_openthread.dir/openthread/src/core/api/dataset_ftd_api.cpp.obj
[850/1655] Building CXX object esp-idf/openthread/CMakeFiles/__idf_openthread.dir/src/esp_openthread_platform.cpp.obj
[851/1655] Building CXX object esp-idf/openthread/CMakeFiles/__idf_openthread.dir/openthread/src/core/api/error_api.cpp.obj
[852/1655] Building CXX object esp-idf/openthread/CMakeFiles/__idf_openthread.dir/openthread/src/core/api/history_tracker_api.cpp.obj
[853/1655] Building CXX object esp-idf/openthread/CMakeFiles/__idf_openthread.dir/openthread/src/core/api/heap_api.cpp.obj
[854/1655] Building CXX object esp-idf/openthread/CMakeFiles/__idf_openthread.dir/openthread/src/core/api/jam_detection_api.cpp.obj
[855/1655] Building CXX object esp-idf/openthread/CMakeFiles/__idf_openthread.dir/openthread/src/core/api/backbone_router_api.cpp.obj
[856/1655] Building CXX object esp-idf/openthread/CMakeFiles/__idf_openthread.dir/openthread/src/core/api/joiner_api.cpp.obj
[857/1655] Building CXX object esp-idf/openthread/CMakeFiles/__idf_openthread.dir/openthread/src/core/api/child_supervision_api.cpp.obj
[858/1655] Building CXX object esp-idf/openthread/CMakeFiles/__idf_openthread.dir/openthread/src/core/api/coap_api.cpp.obj
[859/1655] Building CXX object esp-idf/openthread/CMakeFiles/__idf_openthread.dir/openthread/src/core/api/link_metrics_api.cpp.obj
[860/1655] Building CXX object esp-idf/openthread/CMakeFiles/__idf_openthread.dir/openthread/src/core/api/crypto_api.cpp.obj
[861/1655] Building CXX object esp-idf/openthread/CMakeFiles/__idf_openthread.dir/openthread/src/core/api/dns_server_api.cpp.obj
[862/1655] Building CXX object esp-idf/openthread/CMakeFiles/__idf_openthread.dir/openthread/src/core/api/diags_api.cpp.obj
[863/1655] Building CXX object esp-idf/openthread/CMakeFiles/__idf_openthread.dir/openthread/src/core/api/dns_api.cpp.obj
[864/1655] Building CXX object esp-idf/openthread/CMakeFiles/__idf_openthread.dir/openthread/src/core/api/mdns_api.cpp.obj
[865/1655] Building CXX object esp-idf/openthread/CMakeFiles/__idf_openthread.dir/openthread/src/core/api/mesh_diag_api.cpp.obj
[866/1655] Building CXX object esp-idf/openthread/CMakeFiles/__idf_openthread.dir/openthread/src/core/api/dataset_api.cpp.obj
[867/1655] Building CXX object esp-idf/openthread/CMakeFiles/__idf_openthread.dir/openthread/src/core/api/multi_radio_api.cpp.obj
[868/1655] Building CXX object esp-idf/openthread/CMakeFiles/__idf_openthread.dir/openthread/src/core/api/icmp6_api.cpp.obj
[869/1655] Building CXX object esp-idf/openthread/CMakeFiles/__idf_openthread.dir/openthread/src/core/api/netdata_publisher_api.cpp.obj
[870/1655] Building CXX object esp-idf/openthread/CMakeFiles/__idf_openthread.dir/openthread/src/core/api/instance_api.cpp.obj
[871/1655] Building CXX object esp-idf/openthread/CMakeFiles/__idf_openthread.dir/openthread/src/core/api/ip6_api.cpp.obj
[872/1655] Building CXX object esp-idf/openthread/CMakeFiles/__idf_openthread.dir/openthread/src/core/api/network_time_api.cpp.obj
[873/1655] Building CXX object esp-idf/openthread/CMakeFiles/__idf_openthread.dir/openthread/src/core/api/server_api.cpp.obj
[874/1655] Building CXX object esp-idf/openthread/CMakeFiles/__idf_openthread.dir/openthread/src/core/api/random_crypto_api.cpp.obj
[875/1655] Building CXX object esp-idf/openthread/CMakeFiles/__idf_openthread.dir/openthread/src/core/api/random_noncrypto_api.cpp.obj
[876/1655] Building CXX object esp-idf/openthread/CMakeFiles/__idf_openthread.dir/openthread/src/core/api/link_raw_api.cpp.obj
[877/1655] Building CXX object esp-idf/openthread/CMakeFiles/__idf_openthread.dir/openthread/src/core/api/link_api.cpp.obj
[878/1655] Building CXX object esp-idf/openthread/CMakeFiles/__idf_openthread.dir/openthread/src/core/api/sntp_api.cpp.obj
[879/1655] Building CXX object esp-idf/openthread/CMakeFiles/__idf_openthread.dir/openthread/src/core/api/srp_server_api.cpp.obj
[880/1655] Building CXX object esp-idf/openthread/CMakeFiles/__idf_openthread.dir/openthread/src/core/api/logging_api.cpp.obj
[881/1655] Building CXX object esp-idf/openthread/CMakeFiles/__idf_openthread.dir/openthread/src/core/api/tcp_api.cpp.obj
[882/1655] Building CXX object esp-idf/openthread/CMakeFiles/__idf_openthread.dir/openthread/src/core/api/message_api.cpp.obj
[883/1655] Building CXX object esp-idf/openthread/CMakeFiles/__idf_openthread.dir/openthread/src/core/api/nat64_api.cpp.obj
[884/1655] Building CXX object esp-idf/openthread/CMakeFiles/__idf_openthread.dir/openthread/src/core/api/tcp_ext_api.cpp.obj
[885/1655] Building CXX object esp-idf/openthread/CMakeFiles/__idf_openthread.dir/openthread/src/core/api/netdiag_api.cpp.obj
[886/1655] Building CXX object esp-idf/openthread/CMakeFiles/__idf_openthread.dir/openthread/src/core/api/thread_ftd_api.cpp.obj
[887/1655] Building CXX object esp-idf/openthread/CMakeFiles/__idf_openthread.dir/openthread/src/core/api/netdata_api.cpp.obj
[888/1655] Building CXX object esp-idf/openthread/CMakeFiles/__idf_openthread.dir/openthread/src/core/api/trel_api.cpp.obj
[889/1655] Building CXX object esp-idf/openthread/CMakeFiles/__idf_openthread.dir/openthread/src/core/api/ping_sender_api.cpp.obj
[890/1655] Building CXX object esp-idf/openthread/CMakeFiles/__idf_openthread.dir/openthread/src/core/api/radio_stats_api.cpp.obj
[891/1655] Building CXX object esp-idf/openthread/CMakeFiles/__idf_openthread.dir/openthread/src/core/api/verhoeff_checksum_api.cpp.obj
[892/1655] Building CXX object esp-idf/openthread/CMakeFiles/__idf_openthread.dir/openthread/src/core/common/crc16.cpp.obj
[893/1655] Building CXX object esp-idf/openthread/CMakeFiles/__idf_openthread.dir/openthread/src/core/common/binary_search.cpp.obj
[894/1655] Building CXX object esp-idf/openthread/CMakeFiles/__idf_openthread.dir/openthread/src/core/common/error.cpp.obj
[895/1655] Building CXX object esp-idf/openthread/CMakeFiles/__idf_openthread.dir/openthread/src/core/common/data.cpp.obj
[896/1655] Building CXX object esp-idf/openthread/CMakeFiles/__idf_openthread.dir/openthread/src/core/common/appender.cpp.obj
[897/1655] Building CXX object esp-idf/openthread/CMakeFiles/__idf_openthread.dir/openthread/src/core/common/frame_data.cpp.obj
[898/1655] Building CXX object esp-idf/openthread/CMakeFiles/__idf_openthread.dir/openthread/src/core/common/frame_builder.cpp.obj
[899/1655] Building CXX object esp-idf/openthread/CMakeFiles/__idf_openthread.dir/openthread/src/core/common/heap_string.cpp.obj
[900/1655] Building CXX object esp-idf/openthread/CMakeFiles/__idf_openthread.dir/openthread/src/core/api/srp_client_api.cpp.obj
[901/1655] Building CXX object esp-idf/openthread/CMakeFiles/__idf_openthread.dir/openthread/src/core/api/srp_client_buffers_api.cpp.obj
[902/1655] Building CXX object esp-idf/openthread/CMakeFiles/__idf_openthread.dir/openthread/src/core/common/heap_data.cpp.obj
[903/1655] Building CXX object esp-idf/openthread/CMakeFiles/__idf_openthread.dir/openthread/src/core/api/tasklet_api.cpp.obj
[904/1655] Building CXX object esp-idf/openthread/CMakeFiles/__idf_openthread.dir/openthread/src/core/common/preference.cpp.obj
[905/1655] Building CXX object esp-idf/openthread/CMakeFiles/__idf_openthread.dir/openthread/src/core/common/random.cpp.obj
[906/1655] Building CXX object esp-idf/openthread/CMakeFiles/__idf_openthread.dir/openthread/src/core/common/offset_range.cpp.obj
[907/1655] Building CXX object esp-idf/openthread/CMakeFiles/__idf_openthread.dir/openthread/src/core/api/thread_api.cpp.obj
[908/1655] Building CXX object esp-idf/openthread/CMakeFiles/__idf_openthread.dir/openthread/src/core/common/string.cpp.obj
[909/1655] Building CXX object esp-idf/openthread/CMakeFiles/__idf_openthread.dir/openthread/src/core/api/udp_api.cpp.obj
[910/1655] Building CXX object esp-idf/openthread/CMakeFiles/__idf_openthread.dir/openthread/src/core/common/uptime.cpp.obj
[911/1655] Building CXX object esp-idf/openthread/CMakeFiles/__idf_openthread.dir/openthread/src/core/common/trickle_timer.cpp.obj
[912/1655] Building CXX object esp-idf/openthread/CMakeFiles/__idf_openthread.dir/openthread/src/core/common/heap.cpp.obj
[913/1655] Building CXX object esp-idf/openthread/CMakeFiles/__idf_openthread.dir/openthread/src/core/common/tlvs.cpp.obj
[914/1655] Building CXX object esp-idf/openthread/CMakeFiles/__idf_openthread.dir/openthread/src/core/common/log.cpp.obj
[915/1655] Building CXX object esp-idf/openthread/CMakeFiles/__idf_openthread.dir/openthread/src/core/crypto/aes_ecb.cpp.obj
[916/1655] Building CXX object esp-idf/openthread/CMakeFiles/__idf_openthread.dir/openthread/src/core/crypto/aes_ccm.cpp.obj
[917/1655] Building CXX object esp-idf/openthread/CMakeFiles/__idf_openthread.dir/openthread/src/core/crypto/hkdf_sha256.cpp.obj
[918/1655] Building CXX object esp-idf/openthread/CMakeFiles/__idf_openthread.dir/openthread/src/core/crypto/hmac_sha256.cpp.obj
[919/1655] Building CXX object esp-idf/openthread/CMakeFiles/__idf_openthread.dir/openthread/src/core/common/notifier.cpp.obj
[920/1655] Building CXX object esp-idf/openthread/CMakeFiles/__idf_openthread.dir/openthread/src/core/common/settings.cpp.obj
[921/1655] Building CXX object esp-idf/openthread/CMakeFiles/__idf_openthread.dir/openthread/src/core/common/message.cpp.obj
[922/1655] Building CXX object esp-idf/openthread/CMakeFiles/__idf_openthread.dir/openthread/src/core/common/tasklet.cpp.obj
[923/1655] Building CXX object esp-idf/openthread/CMakeFiles/__idf_openthread.dir/openthread/src/core/common/time_ticker.cpp.obj
[924/1655] Building CXX object esp-idf/openthread/CMakeFiles/__idf_openthread.dir/openthread/src/core/common/timer.cpp.obj
[925/1655] Building CXX object esp-idf/openthread/CMakeFiles/__idf_openthread.dir/openthread/src/core/crypto/storage.cpp.obj
[926/1655] Building CXX object esp-idf/openthread/CMakeFiles/__idf_openthread.dir/openthread/src/core/mac/data_poll_handler.cpp.obj
[927/1655] Building CXX object esp-idf/openthread/CMakeFiles/__idf_openthread.dir/openthread/src/core/mac/link_raw.cpp.obj
[928/1655] Building CXX object esp-idf/openthread/CMakeFiles/__idf_openthread.dir/openthread/src/core/crypto/mbedtls.cpp.obj
[929/1655] Building CXX object esp-idf/openthread/CMakeFiles/__idf_openthread.dir/openthread/src/core/mac/mac_filter.cpp.obj
[930/1655] Building CXX object esp-idf/openthread/CMakeFiles/__idf_openthread.dir/openthread/src/core/crypto/sha256.cpp.obj
[931/1655] Building CXX object esp-idf/openthread/CMakeFiles/__idf_openthread.dir/openthread/src/core/mac/channel_mask.cpp.obj
[932/1655] Building CXX object esp-idf/openthread/CMakeFiles/__idf_openthread.dir/openthread/src/core/mac/mac_header_ie.cpp.obj
[933/1655] Building CXX object esp-idf/openthread/CMakeFiles/__idf_openthread.dir/openthread/src/core/mac/mac_types.cpp.obj
[934/1655] Building CXX object esp-idf/openthread/CMakeFiles/__idf_openthread.dir/openthread/src/core/mac/sub_mac_csl_receiver.cpp.obj
[935/1655] Building CXX object esp-idf/openthread/CMakeFiles/__idf_openthread.dir/openthread/src/core/mac/sub_mac_wed.cpp.obj
[936/1655] Building CXX object esp-idf/openthread/CMakeFiles/__idf_openthread.dir/openthread/src/core/crypto/crypto_platform.cpp.obj
[937/1655] Building CXX object esp-idf/openthread/CMakeFiles/__idf_openthread.dir/openthread/src/core/radio/ble_secure.cpp.obj
[938/1655] Building CXX object esp-idf/openthread/CMakeFiles/__idf_openthread.dir/openthread/src/core/mac/mac_frame.cpp.obj
[939/1655] Building CXX object esp-idf/openthread/CMakeFiles/__idf_openthread.dir/openthread/src/core/radio/trel_interface.cpp.obj
[940/1655] Building CXX object esp-idf/openthread/CMakeFiles/__idf_openthread.dir/openthread/src/core/instance/instance.cpp.obj
[941/1655] Building CXX object esp-idf/openthread/CMakeFiles/__idf_openthread.dir/openthread/src/core/radio/trel_link.cpp.obj
[942/1655] Building CXX object esp-idf/openthread/CMakeFiles/__idf_openthread.dir/openthread/src/core/diags/factory_diags.cpp.obj
[943/1655] Building CXX object esp-idf/openthread/CMakeFiles/__idf_openthread.dir/openthread/src/core/radio/trel_packet.cpp.obj
[944/1655] Building CXX object esp-idf/openthread/CMakeFiles/__idf_openthread.dir/openthread/src/core/mac/data_poll_sender.cpp.obj
[945/1655] Building CXX object esp-idf/openthread/CMakeFiles/__idf_openthread.dir/openthread/src/core/mac/mac_links.cpp.obj
[946/1655] Building CXX object esp-idf/openthread/CMakeFiles/__idf_openthread.dir/openthread/src/core/mac/mac.cpp.obj
[947/1655] Building CXX object esp-idf/openthread/CMakeFiles/__idf_openthread.dir/openthread/src/core/thread/anycast_locator.cpp.obj
[948/1655] Building CXX object esp-idf/openthread/CMakeFiles/__idf_openthread.dir/openthread/src/core/mac/sub_mac_callbacks.cpp.obj
[949/1655] Building CXX object esp-idf/openthread/CMakeFiles/__idf_openthread.dir/openthread/src/core/mac/sub_mac.cpp.obj
[950/1655] Building CXX object esp-idf/openthread/CMakeFiles/__idf_openthread.dir/openthread/src/core/thread/child_table.cpp.obj
[951/1655] Building CXX object esp-idf/openthread/CMakeFiles/__idf_openthread.dir/openthread/src/core/thread/csl_tx_scheduler.cpp.obj
[952/1655] Building CXX object esp-idf/openthread/CMakeFiles/__idf_openthread.dir/openthread/src/core/thread/dua_manager.cpp.obj
[953/1655] Building CXX object esp-idf/openthread/CMakeFiles/__idf_openthread.dir/openthread/src/core/radio/radio.cpp.obj
[954/1655] Building CXX object esp-idf/openthread/CMakeFiles/__idf_openthread.dir/openthread/src/core/thread/indirect_sender.cpp.obj
[955/1655] Building CXX object esp-idf/openthread/CMakeFiles/__idf_openthread.dir/openthread/src/core/radio/radio_callbacks.cpp.obj
[956/1655] Building CXX object esp-idf/openthread/CMakeFiles/__idf_openthread.dir/openthread/src/core/radio/radio_platform.cpp.obj
[957/1655] Building CXX object esp-idf/openthread/CMakeFiles/__idf_openthread.dir/openthread/src/core/thread/link_metrics.cpp.obj
[958/1655] Building CXX object esp-idf/openthread/CMakeFiles/__idf_openthread.dir/openthread/src/core/thread/link_metrics_types.cpp.obj
[959/1655] Building CXX object esp-idf/openthread/CMakeFiles/__idf_openthread.dir/openthread/src/core/thread/announce_begin_server.cpp.obj
[960/1655] Building CXX object esp-idf/openthread/CMakeFiles/__idf_openthread.dir/openthread/src/core/thread/address_resolver.cpp.obj
[961/1655] Building CXX object esp-idf/openthread/CMakeFiles/__idf_openthread.dir/openthread/src/core/thread/announce_sender.cpp.obj
[962/1655] Building CXX object esp-idf/openthread/CMakeFiles/__idf_openthread.dir/openthread/src/core/thread/child.cpp.obj
[963/1655] Building CXX object esp-idf/openthread/CMakeFiles/__idf_openthread.dir/openthread/src/core/thread/child_supervision.cpp.obj
[964/1655] Building CXX object esp-idf/openthread/CMakeFiles/__idf_openthread.dir/openthread/src/core/thread/discover_scanner.cpp.obj
[965/1655] Building CXX object esp-idf/openthread/CMakeFiles/__idf_openthread.dir/openthread/src/core/thread/mle_tlvs.cpp.obj
[966/1655] Building CXX object esp-idf/openthread/CMakeFiles/__idf_openthread.dir/openthread/src/core/thread/energy_scan_server.cpp.obj
[967/1655] Building CXX object esp-idf/openthread/CMakeFiles/__idf_openthread.dir/openthread/src/core/thread/mesh_forwarder_ftd.cpp.obj
[968/1655] Building CXX object esp-idf/openthread/CMakeFiles/__idf_openthread.dir/openthread/src/core/thread/mlr_manager.cpp.obj
[969/1655] Building CXX object esp-idf/openthread/CMakeFiles/__idf_openthread.dir/openthread/src/core/thread/mle_types.cpp.obj
[970/1655] Building CXX object esp-idf/openthread/CMakeFiles/__idf_openthread.dir/openthread/src/core/thread/mesh_forwarder_mtd.cpp.obj
[971/1655] Building CXX object esp-idf/openthread/CMakeFiles/__idf_openthread.dir/openthread/src/core/thread/mle_router.cpp.obj
[972/1655] Building CXX object esp-idf/openthread/CMakeFiles/__idf_openthread.dir/openthread/src/core/thread/key_manager.cpp.obj
[973/1655] Building CXX object esp-idf/openthread/CMakeFiles/__idf_openthread.dir/openthread/src/core/thread/link_quality.cpp.obj
[974/1655] Building CXX object esp-idf/openthread/CMakeFiles/__idf_openthread.dir/openthread/src/core/thread/network_data_local.cpp.obj
[975/1655] Building CXX object esp-idf/openthread/CMakeFiles/__idf_openthread.dir/openthread/src/core/thread/network_data_notifier.cpp.obj
[976/1655] Building CXX object esp-idf/openthread/CMakeFiles/__idf_openthread.dir/openthread/src/core/thread/network_data_publisher.cpp.obj
[977/1655] Building CXX object esp-idf/openthread/CMakeFiles/__idf_openthread.dir/openthread/src/core/thread/lowpan.cpp.obj
[978/1655] Building CXX object esp-idf/openthread/CMakeFiles/__idf_openthread.dir/openthread/src/core/thread/mesh_forwarder.cpp.obj
[979/1655] Building CXX object esp-idf/openthread/CMakeFiles/__idf_openthread.dir/openthread/src/core/thread/network_data_tlvs.cpp.obj
[980/1655] Building CXX object esp-idf/openthread/CMakeFiles/__idf_openthread.dir/openthread/src/core/thread/radio_selector.cpp.obj
[981/1655] Building CXX object esp-idf/openthread/CMakeFiles/__idf_openthread.dir/openthread/src/core/thread/network_data_leader_ftd.cpp.obj
[982/1655] Building CXX object esp-idf/openthread/CMakeFiles/__idf_openthread.dir/openthread/src/core/thread/network_diagnostic_tlvs.cpp.obj
[983/1655] Building CXX object esp-idf/openthread/CMakeFiles/__idf_openthread.dir/openthread/src/core/thread/neighbor.cpp.obj
[984/1655] Building CXX object esp-idf/openthread/CMakeFiles/__idf_openthread.dir/openthread/src/core/thread/neighbor_table.cpp.obj
[985/1655] Building CXX object esp-idf/openthread/CMakeFiles/__idf_openthread.dir/openthread/src/core/thread/router_table.cpp.obj
[986/1655] Building CXX object esp-idf/openthread/CMakeFiles/__idf_openthread.dir/openthread/src/core/thread/mle.cpp.obj
[987/1655] Building CXX object esp-idf/openthread/CMakeFiles/__idf_openthread.dir/openthread/src/core/thread/src_match_controller.cpp.obj
[988/1655] Building CXX object esp-idf/openthread/CMakeFiles/__idf_openthread.dir/openthread/src/core/thread/network_data_service.cpp.obj
[989/1655] Building CXX object esp-idf/openthread/CMakeFiles/__idf_openthread.dir/openthread/src/core/thread/network_data_leader.cpp.obj
[990/1655] Building CXX object esp-idf/openthread/CMakeFiles/__idf_openthread.dir/openthread/src/core/thread/network_data_types.cpp.obj
[991/1655] Building CXX object esp-idf/openthread/CMakeFiles/__idf_openthread.dir/openthread/src/core/thread/time_sync_service.cpp.obj
[992/1655] Building CXX object esp-idf/openthread/CMakeFiles/__idf_openthread.dir/openthread/src/core/utils/channel_manager.cpp.obj
[993/1655] Building CXX object esp-idf/openthread/CMakeFiles/__idf_openthread.dir/openthread/src/core/thread/network_data.cpp.obj
[994/1655] Building CXX object esp-idf/openthread/CMakeFiles/__idf_openthread.dir/openthread/src/core/utils/channel_monitor.cpp.obj
[995/1655] Building CXX object esp-idf/openthread/CMakeFiles/__idf_openthread.dir/openthread/src/core/utils/flash.cpp.obj
[996/1655] Building CXX object esp-idf/openthread/CMakeFiles/__idf_openthread.dir/openthread/src/core/utils/history_tracker.cpp.obj
[997/1655] Building CXX object esp-idf/openthread/CMakeFiles/__idf_openthread.dir/openthread/src/core/utils/heap.cpp.obj
[998/1655] Building CXX object esp-idf/openthread/CMakeFiles/__idf_openthread.dir/openthread/src/core/utils/jam_detector.cpp.obj
[999/1655] Building CXX object esp-idf/openthread/CMakeFiles/__idf_openthread.dir/openthread/src/core/thread/panid_query_server.cpp.obj
[1000/1655] Building CXX object esp-idf/openthread/CMakeFiles/__idf_openthread.dir/openthread/src/core/utils/link_metrics_manager.cpp.obj
[1001/1655] Building CXX object esp-idf/openthread/CMakeFiles/__idf_openthread.dir/openthread/src/core/utils/mesh_diag.cpp.obj
[1002/1655] Building CXX object esp-idf/openthread/CMakeFiles/__idf_openthread.dir/openthread/src/core/utils/otns.cpp.obj
[1003/1655] Building CXX object esp-idf/openthread/CMakeFiles/__idf_openthread.dir/openthread/src/core/thread/network_diagnostic.cpp.obj
[1004/1655] Building CXX object esp-idf/openthread/CMakeFiles/__idf_openthread.dir/openthread/src/lib/spinel/example_vendor_hook.cpp.obj
[1005/1655] Building CXX object esp-idf/openthread/CMakeFiles/__idf_openthread.dir/openthread/src/core/utils/power_calibration.cpp.obj
[1006/1655] Building CXX object esp-idf/openthread/CMakeFiles/__idf_openthread.dir/openthread/src/core/utils/verhoeff_checksum.cpp.obj
[1007/1655] Building CXX object esp-idf/openthread/CMakeFiles/__idf_openthread.dir/openthread/src/lib/hdlc/hdlc.cpp.obj
[1008/1655] Building CXX object esp-idf/openthread/CMakeFiles/__idf_openthread.dir/openthread/src/core/thread/router.cpp.obj
[1009/1655] Building CXX object esp-idf/openthread/CMakeFiles/__idf_openthread.dir/openthread/src/core/utils/parse_cmdline.cpp.obj
[1010/1655] Building CXX object esp-idf/openthread/CMakeFiles/__idf_openthread.dir/openthread/src/lib/spinel/logger.cpp.obj
[1011/1655] Building C object esp-idf/openthread/CMakeFiles/__idf_openthread.dir/openthread/src/lib/spinel/spinel.c.obj
[1012/1655] Building CXX object esp-idf/openthread/CMakeFiles/__idf_openthread.dir/openthread/src/lib/spinel/spinel_buffer.cpp.obj
[1013/1655] Building CXX object esp-idf/openthread/CMakeFiles/__idf_openthread.dir/openthread/src/core/thread/thread_netif.cpp.obj
[1014/1655] Building CXX object esp-idf/openthread/CMakeFiles/__idf_openthread.dir/openthread/src/lib/spinel/spinel_decoder.cpp.obj
[1015/1655] Building CXX object esp-idf/openthread/CMakeFiles/__idf_openthread.dir/openthread/src/lib/spinel/spinel_helper.cpp.obj
[1016/1655] Building CXX object esp-idf/openthread/CMakeFiles/__idf_openthread.dir/openthread/src/lib/spinel/spinel_driver.cpp.obj
[1017/1655] Building CXX object esp-idf/openthread/CMakeFiles/__idf_openthread.dir/openthread/src/lib/spinel/spinel_encoder.cpp.obj
[1018/1655] Building CXX object esp-idf/openthread/CMakeFiles/__idf_openthread.dir/openthread/src/core/backbone_router/backbone_tmf.cpp.obj
[1019/1655] Building CXX object esp-idf/openthread/CMakeFiles/__idf_openthread.dir/openthread/src/core/thread/uri_paths.cpp.obj
[1020/1655] Building CXX object esp-idf/openthread/CMakeFiles/__idf_openthread.dir/openthread/src/core/backbone_router/bbr_local.cpp.obj
[1021/1655] Building CXX object esp-idf/openthread/CMakeFiles/__idf_openthread.dir/openthread/src/core/backbone_router/bbr_manager.cpp.obj
[1022/1655] Building CXX object esp-idf/openthread/CMakeFiles/__idf_openthread.dir/openthread/src/core/backbone_router/multicast_listeners_table.cpp.obj
[1023/1655] Building CXX object esp-idf/openthread/CMakeFiles/__idf_openthread.dir/openthread/src/lib/spinel/radio_spinel.cpp.obj
[1024/1655] Building CXX object esp-idf/openthread/CMakeFiles/__idf_openthread.dir/openthread/src/core/thread/tmf.cpp.obj
[1025/1655] Building CXX object esp-idf/openthread/CMakeFiles/__idf_openthread.dir/openthread/src/core/backbone_router/ndproxy_table.cpp.obj
[1026/1655] Building CXX object esp-idf/openthread/CMakeFiles/__idf_openthread.dir/openthread/src/core/coap/coap_secure.cpp.obj
[1027/1655] Building CXX object esp-idf/openthread/CMakeFiles/__idf_openthread.dir/openthread/src/core/meshcop/border_agent.cpp.obj
[1028/1655] Building CXX object esp-idf/openthread/CMakeFiles/__idf_openthread.dir/openthread/src/core/meshcop/announce_begin_client.cpp.obj
[1029/1655] Building CXX object esp-idf/openthread/CMakeFiles/__idf_openthread.dir/openthread/src/core/meshcop/commissioner.cpp.obj
[1030/1655] Building CXX object esp-idf/openthread/CMakeFiles/__idf_openthread.dir/openthread/src/core/utils/ping_sender.cpp.obj
[1031/1655] Building CXX object esp-idf/openthread/CMakeFiles/__idf_openthread.dir/openthread/src/core/utils/srp_client_buffers.cpp.obj
[1032/1655] Building CXX object esp-idf/openthread/CMakeFiles/__idf_openthread.dir/openthread/src/core/meshcop/dataset_updater.cpp.obj
[1033/1655] Building CXX object esp-idf/openthread/CMakeFiles/__idf_openthread.dir/openthread/src/core/utils/slaac_address.cpp.obj
[1034/1655] Building CXX object esp-idf/openthread/CMakeFiles/__idf_openthread.dir/openthread/src/core/meshcop/energy_scan_client.cpp.obj
[1035/1655] Building CXX object esp-idf/openthread/CMakeFiles/__idf_openthread.dir/openthread/src/core/meshcop/joiner.cpp.obj
[1036/1655] Building CXX object esp-idf/openthread/CMakeFiles/__idf_openthread.dir/openthread/src/core/meshcop/meshcop_leader.cpp.obj
[1037/1655] Building CXX object esp-idf/openthread/CMakeFiles/__idf_openthread.dir/openthread/src/core/meshcop/joiner_router.cpp.obj
[1038/1655] Building CXX object esp-idf/openthread/CMakeFiles/__idf_openthread.dir/openthread/src/core/meshcop/panid_query_client.cpp.obj
[1039/1655] Building CXX object esp-idf/openthread/CMakeFiles/__idf_openthread.dir/openthread/src/core/meshcop/dataset_manager_ftd.cpp.obj
[1040/1655] Building CXX object esp-idf/openthread/CMakeFiles/__idf_openthread.dir/openthread/src/core/backbone_router/bbr_leader.cpp.obj
[1041/1655] Building CXX object esp-idf/openthread/CMakeFiles/__idf_openthread.dir/openthread/src/core/meshcop/tcat_agent.cpp.obj
[1042/1655] Building CXX object esp-idf/openthread/CMakeFiles/__idf_openthread.dir/openthread/src/core/meshcop/timestamp.cpp.obj
[1043/1655] Building CXX object esp-idf/openthread/CMakeFiles/__idf_openthread.dir/openthread/src/core/coap/coap_message.cpp.obj
[1044/1655] Building CXX object esp-idf/openthread/CMakeFiles/__idf_openthread.dir/openthread/src/core/coap/coap.cpp.obj
[1045/1655] Building CXX object esp-idf/openthread/CMakeFiles/__idf_openthread.dir/openthread/src/core/net/dhcp6_client.cpp.obj
[1046/1655] Building CXX object esp-idf/openthread/CMakeFiles/__idf_openthread.dir/openthread/src/core/meshcop/extended_panid.cpp.obj
[1047/1655] Building CXX object esp-idf/openthread/CMakeFiles/__idf_openthread.dir/openthread/src/core/meshcop/dataset_manager.cpp.obj
[1048/1655] Building CXX object esp-idf/openthread/CMakeFiles/__idf_openthread.dir/openthread/src/core/net/dhcp6_server.cpp.obj
[1049/1655] Building CXX object esp-idf/openthread/CMakeFiles/__idf_openthread.dir/openthread/src/core/net/dns_dso.cpp.obj
[1050/1655] Building CXX object esp-idf/openthread/CMakeFiles/__idf_openthread.dir/openthread/src/core/net/checksum.cpp.obj
[1051/1655] Building CXX object esp-idf/openthread/CMakeFiles/__idf_openthread.dir/openthread/src/core/meshcop/dataset.cpp.obj
[1052/1655] Building CXX object esp-idf/openthread/CMakeFiles/__idf_openthread.dir/openthread/src/core/net/dnssd.cpp.obj
[1053/1655] Building CXX object esp-idf/openthread/CMakeFiles/__idf_openthread.dir/openthread/src/core/meshcop/meshcop.cpp.obj
[1054/1655] Building CXX object esp-idf/openthread/CMakeFiles/__idf_openthread.dir/openthread/src/core/net/dnssd_server.cpp.obj
[1055/1655] Building CXX object esp-idf/openthread/CMakeFiles/__idf_openthread.dir/openthread/src/core/meshcop/network_name.cpp.obj
[1056/1655] Building CXX object esp-idf/openthread/CMakeFiles/__idf_openthread.dir/openthread/src/core/meshcop/meshcop_tlvs.cpp.obj
[1057/1655] Building CXX object esp-idf/openthread/CMakeFiles/__idf_openthread.dir/openthread/src/core/meshcop/secure_transport.cpp.obj
[1058/1655] Building CXX object esp-idf/openthread/CMakeFiles/__idf_openthread.dir/openthread/src/core/net/mdns.cpp.obj
[1059/1655] Building CXX object esp-idf/openthread/CMakeFiles/__idf_openthread.dir/openthread/src/core/net/ip4_types.cpp.obj
[1060/1655] Building CXX object esp-idf/openthread/CMakeFiles/__idf_openthread.dir/openthread/src/core/net/nd6.cpp.obj
[1061/1655] Building CXX object esp-idf/openthread/CMakeFiles/__idf_openthread.dir/openthread/src/core/net/ip6_headers.cpp.obj
[1062/1655] Building CXX object esp-idf/openthread/CMakeFiles/__idf_openthread.dir/openthread/src/core/net/nd_agent.cpp.obj
[1063/1655] Building CXX object esp-idf/openthread/CMakeFiles/__idf_openthread.dir/openthread/src/core/net/nat64_translator.cpp.obj
[1064/1655] Building CXX object esp-idf/openthread/CMakeFiles/__idf_openthread.dir/openthread/src/core/net/sntp_client.cpp.obj
[1065/1655] Building CXX object esp-idf/openthread/CMakeFiles/__idf_openthread.dir/openthread/src/core/net/dns_platform.cpp.obj
[1066/1655] Building CXX object esp-idf/openthread/CMakeFiles/__idf_openthread.dir/openthread/src/core/net/srp_advertising_proxy.cpp.obj
[1067/1655] Building CXX object esp-idf/openthread/CMakeFiles/__idf_openthread.dir/openthread/src/core/net/socket.cpp.obj
[1068/1655] Building CXX object esp-idf/openthread/CMakeFiles/__idf_openthread.dir/openthread/src/core/net/srp_server.cpp.obj
[1069/1655] Building CXX object esp-idf/openthread/CMakeFiles/__idf_openthread.dir/openthread/src/core/net/dns_types.cpp.obj
[1070/1655] Building CXX object esp-idf/openthread/CMakeFiles/__idf_openthread.dir/openthread/src/core/net/dns_client.cpp.obj
[1071/1655] Building CXX object esp-idf/openthread/CMakeFiles/__idf_openthread.dir/openthread/src/core/net/icmp6.cpp.obj
[1072/1655] Building CXX object esp-idf/openthread/CMakeFiles/__idf_openthread.dir/openthread/src/core/net/ip6_address.cpp.obj
[1073/1655] Building CXX object esp-idf/openthread/CMakeFiles/__idf_openthread.dir/openthread/src/core/net/ip6_mpl.cpp.obj
[1074/1655] Building C object esp-idf/openthread/CMakeFiles/__idf_openthread.dir/openthread/src/lib/platform/exit_code.c.obj
[1075/1655] Building CXX object esp-idf/openthread/CMakeFiles/__idf_openthread.dir/openthread/src/core/net/ip6_filter.cpp.obj
[1076/1655] Building CXX object esp-idf/openthread/CMakeFiles/__idf_openthread.dir/openthread/src/core/net/ip6.cpp.obj
[1077/1655] Building CXX object esp-idf/openthread/CMakeFiles/__idf_openthread.dir/openthread/src/core/net/tcp6.cpp.obj
[1078/1655] Building CXX object esp-idf/openthread/CMakeFiles/__idf_openthread.dir/openthread/src/core/net/tcp6_ext.cpp.obj
[1079/1655] Building CXX object esp-idf/openthread/CMakeFiles/__idf_openthread.dir/openthread/examples/apps/cli/cli_uart.cpp.obj
[1080/1655] Building CXX object esp-idf/openthread/CMakeFiles/__idf_openthread.dir/openthread/src/cli/cli_coap_secure.cpp.obj
[1081/1655] Building CXX object esp-idf/openthread/CMakeFiles/__idf_openthread.dir/openthread/src/cli/cli_br.cpp.obj
[1082/1655] Building C object esp-idf/openthread/CMakeFiles/__idf_openthread.dir/openthread/src/cli/cli_extension_example.c.obj
[1083/1655] Building CXX object esp-idf/openthread/CMakeFiles/__idf_openthread.dir/openthread/src/cli/cli_history.cpp.obj
[1084/1655] Building CXX object esp-idf/openthread/CMakeFiles/__idf_openthread.dir/openthread/src/core/net/netif.cpp.obj
[1085/1655] Building CXX object esp-idf/openthread/CMakeFiles/__idf_openthread.dir/openthread/src/core/net/udp6.cpp.obj
[1086/1655] Building CXX object esp-idf/openthread/CMakeFiles/__idf_openthread.dir/openthread/src/core/net/srp_client.cpp.obj
[1087/1655] Building CXX object esp-idf/openthread/CMakeFiles/__idf_openthread.dir/openthread/src/cli/cli_bbr.cpp.obj
[1088/1655] Building CXX object esp-idf/openthread/CMakeFiles/__idf_openthread.dir/openthread/src/cli/cli_coap.cpp.obj
[1089/1655] Building CXX object esp-idf/openthread/CMakeFiles/__idf_openthread.dir/openthread/src/cli/cli_commissioner.cpp.obj
[1090/1655] Building CXX object esp-idf/openthread/CMakeFiles/__idf_openthread.dir/openthread/src/cli/cli_joiner.cpp.obj
[1091/1655] Building CXX object esp-idf/openthread/CMakeFiles/__idf_openthread.dir/openthread/src/cli/cli_link_metrics.cpp.obj
[1092/1655] Building CXX object esp-idf/openthread/CMakeFiles/__idf_openthread.dir/openthread/src/cli/cli_dns.cpp.obj
[1093/1655] Building CXX object esp-idf/openthread/CMakeFiles/__idf_openthread.dir/openthread/src/cli/cli_dataset.cpp.obj
[1094/1655] Creating directories for 'chip_gn'
[1095/1655] No download step for 'chip_gn'
[1096/1655] No update step for 'chip_gn'
[1097/1655] No patch step for 'chip_gn'
[1098/1655] Building CXX object esp-idf/openthread/CMakeFiles/__idf_openthread.dir/openthread/src/cli/cli.cpp.obj
[1099/1655] Building CXX object esp-idf/openthread/CMakeFiles/__idf_openthread.dir/openthread/src/cli/cli_mdns.cpp.obj
[1100/1655] Building CXX object esp-idf/openthread/CMakeFiles/__idf_openthread.dir/openthread/src/cli/cli_tcp.cpp.obj
[1101/1655] Building CXX object esp-idf/openthread/CMakeFiles/__idf_openthread.dir/openthread/src/cli/cli_mac_filter.cpp.obj
[1102/1655] Building CXX object esp-idf/openthread/CMakeFiles/__idf_openthread.dir/openthread/src/cli/cli_tcat.cpp.obj
[1103/1655] Building CXX object esp-idf/openthread/CMakeFiles/__idf_openthread.dir/openthread/src/cli/cli_network_data.cpp.obj
[1104/1655] Building CXX object esp-idf/openthread/CMakeFiles/__idf_openthread.dir/openthread/src/cli/cli_srp_server.cpp.obj
[1105/1655] Building CXX object esp-idf/openthread/CMakeFiles/__idf_openthread.dir/openthread/src/cli/cli_srp_client.cpp.obj
[1106/1655] Building CXX object esp-idf/openthread/CMakeFiles/__idf_openthread.dir/openthread/src/cli/cli_ping.cpp.obj
[1107/1655] Building CXX object esp-idf/openthread/CMakeFiles/__idf_openthread.dir/openthread/src/cli/cli_udp.cpp.obj
[1108/1655] Building CXX object esp-idf/openthread/CMakeFiles/__idf_openthread.dir/openthread/src/cli/cli_utils.cpp.obj
[1109/1655] Performing configure step for 'chip_gn'
Done. Made 5905 targets from 469 files in 1452ms
[1110/1655] Linking C static library esp-idf/openthread/libopenthread.a
[1111/1655] Linking C static library esp-idf/ieee802154/libieee802154.a
[1112/1655] Linking C static library esp-idf/esp_https_ota/libesp_https_ota.a
[1113/1655] Linking C static library esp-idf/esp_http_server/libesp_http_server.a
[1114/1655] Linking C static library esp-idf/esp_http_client/libesp_http_client.a
[1115/1655] Linking C static library esp-idf/tcp_transport/libtcp_transport.a
[1116/1655] Linking C static library esp-idf/esp_gdbstub/libesp_gdbstub.a
[1117/1655] Linking C static library esp-idf/esp_adc/libesp_adc.a
[1118/1655] Linking C static library esp-idf/esp-tls/libesp-tls.a
[1119/1655] Linking C static library esp-idf/http_parser/libhttp_parser.a
[1120/1655] Linking C static library esp-idf/console/libconsole.a
[1121/1655] Linking C static library esp-idf/esp_wifi/libesp_wifi.a
[1122/1655] Linking C static library esp-idf/esp_coex/libesp_coex.a
[1123/1655] Linking C static library esp-idf/wpa_supplicant/libwpa_supplicant.a
[1124/1655] Linking C static library esp-idf/esp_netif/libesp_netif.a
[1125/1655] Linking C static library esp-idf/lwip/liblwip.a
[1126/1655] Linking C static library esp-idf/vfs/libvfs.a
[1127/1655] Linking C static library esp-idf/esp_vfs_console/libesp_vfs_console.a
[1128/1655] Linking C static library esp-idf/esp_phy/libesp_phy.a
[1129/1655] Linking C static library esp-idf/driver/libdriver.a
[1130/1655] Linking C static library esp-idf/esp_driver_usb_serial_jtag/libesp_driver_usb_serial_jtag.a
[1131/1655] Linking C static library esp-idf/esp_driver_parlio/libesp_driver_parlio.a
[1132/1655] Linking C static library esp-idf/esp_driver_ledc/libesp_driver_ledc.a
[1133/1655] Linking C static library esp-idf/esp_driver_i2c/libesp_driver_i2c.a
[1134/1655] Linking C static library esp-idf/esp_driver_sdm/libesp_driver_sdm.a
[1135/1655] Linking C static library esp-idf/esp_driver_tsens/libesp_driver_tsens.a
[1136/1655] Linking C static library esp-idf/esp_driver_rmt/libesp_driver_rmt.a
[1137/1655] Linking C static library esp-idf/esp_driver_sdio/libesp_driver_sdio.a
[1138/1655] Linking C static library esp-idf/esp_driver_sdspi/libesp_driver_sdspi.a
[1139/1655] Linking C static library esp-idf/sdmmc/libsdmmc.a
[1140/1655] Linking C static library esp-idf/esp_driver_i2s/libesp_driver_i2s.a
[1141/1655] Linking C static library esp-idf/esp_driver_mcpwm/libesp_driver_mcpwm.a
[1142/1655] Linking C static library esp-idf/esp_driver_spi/libesp_driver_spi.a
[1143/1655] Linking C static library esp-idf/esp_driver_pcnt/libesp_driver_pcnt.a
[1144/1655] Linking C static library esp-idf/nvs_flash/libnvs_flash.a
[1145/1655] Linking C static library esp-idf/esp_event/libesp_event.a
[1146/1655] Linking C static library esp-idf/esp_driver_uart/libesp_driver_uart.a
[1147/1655] Linking C static library esp-idf/esp_ringbuf/libesp_ringbuf.a
[1148/1655] Linking C static library esp-idf/esp_driver_gptimer/libesp_driver_gptimer.a
[1149/1655] Linking C static library esp-idf/esp_timer/libesp_timer.a
[1150/1655] Linking C static library esp-idf/cxx/libcxx.a
[1151/1655] Linking C static library esp-idf/pthread/libpthread.a
[1152/1655] Linking C static library esp-idf/newlib/libnewlib.a
[1153/1655] Linking C static library esp-idf/freertos/libfreertos.a
[1154/1655] Linking C static library esp-idf/esp_hw_support/libesp_hw_support.a
[1155/1655] Linking C static library esp-idf/esp_security/libesp_security.a
[1156/1655] Linking C static library esp-idf/soc/libsoc.a
[1157/1655] Linking C static library esp-idf/heap/libheap.a
[1158/1655] Linking C static library esp-idf/log/liblog.a
[1159/1655] Linking C static library esp-idf/hal/libhal.a
[1160/1655] Linking C static library esp-idf/esp_rom/libesp_rom.a
[1161/1655] Linking C static library esp-idf/esp_common/libesp_common.a
[1162/1655] Linking C static library esp-idf/esp_system/libesp_system.a
[1163/1655] Linking C static library esp-idf/spi_flash/libspi_flash.a
[1164/1655] Linking C static library esp-idf/esp_mm/libesp_mm.a
[1165/1655] Linking C static library esp-idf/bootloader_support/libbootloader_support.a
[1166/1655] Linking C static library esp-idf/efuse/libefuse.a
[1167/1655] Linking C static library esp-idf/esp_partition/libesp_partition.a
[1168/1655] Linking C static library esp-idf/app_update/libapp_update.a
[1169/1655] Linking C static library esp-idf/esp_bootloader_format/libesp_bootloader_format.a
[1170/1655] Linking C static library esp-idf/esp_app_format/libesp_app_format.a
[1171/1655] Linking CXX static library esp-idf/mbedtls/mbedtls/library/libmbedtls.a
[1172/1655] Linking CXX static library esp-idf/mbedtls/mbedtls/library/libmbedx509.a
[1173/1655] Linking CXX static library esp-idf/mbedtls/mbedtls/library/libmbedcrypto.a
[1174/1655] Linking CXX static library esp-idf/mbedtls/mbedtls/3rdparty/p256-m/libp256m.a
[1175/1655] Linking CXX static library esp-idf/mbedtls/mbedtls/3rdparty/everest/libeverest.a
[1176/1655] Generating x509_crt_bundle
[1177/1655] Generating ../../x509_crt_bundle.S
[1178/1655] Building ASM object esp-idf/riscv/CMakeFiles/__idf_riscv.dir/vectors_intc.S.obj
[1179/1655] Building ASM object esp-idf/riscv/CMakeFiles/__idf_riscv.dir/vectors.S.obj
[1180/1655] Building C object esp-idf/riscv/CMakeFiles/__idf_riscv.dir/instruction_decode.c.obj
[1181/1655] Building C object esp-idf/esp_driver_gpio/CMakeFiles/__idf_esp_driver_gpio.dir/src/gpio_glitch_filter_ops.c.obj
[1182/1655] Building C object esp-idf/riscv/CMakeFiles/__idf_riscv.dir/interrupt.c.obj
[1183/1655] Building C object esp-idf/riscv/CMakeFiles/__idf_riscv.dir/interrupt_plic.c.obj
[1184/1655] Building ASM object esp-idf/mbedtls/CMakeFiles/__idf_mbedtls.dir/__/__/x509_crt_bundle.S.obj
[1185/1655] Building C object esp-idf/esp_pm/CMakeFiles/__idf_esp_pm.dir/pm_trace.c.obj
[1186/1655] Building C object esp-idf/esp_driver_gpio/CMakeFiles/__idf_esp_driver_gpio.dir/src/gpio_flex_glitch_filter.c.obj
[1187/1655] Building C object esp-idf/esp_driver_gpio/CMakeFiles/__idf_esp_driver_gpio.dir/src/dedic_gpio.c.obj
[1188/1655] Building C object esp-idf/esp_pm/CMakeFiles/__idf_esp_pm.dir/pm_locks.c.obj
[1189/1655] Building C object esp-idf/esp_driver_gpio/CMakeFiles/__idf_esp_driver_gpio.dir/src/gpio_pin_glitch_filter.c.obj
[1190/1655] Building C object esp-idf/esp_driver_gpio/CMakeFiles/__idf_esp_driver_gpio.dir/src/rtc_io.c.obj
[1191/1655] Building C object esp-idf/esp_driver_gpio/CMakeFiles/__idf_esp_driver_gpio.dir/src/gpio_etm.c.obj
[1192/1655] Building C object esp-idf/esp_driver_gpio/CMakeFiles/__idf_esp_driver_gpio.dir/src/gpio.c.obj
[1193/1655] Building C object esp-idf/mbedtls/CMakeFiles/__idf_mbedtls.dir/esp_crt_bundle/esp_crt_bundle.c.obj
[1194/1655] Linking C static library esp-idf/mbedtls/libmbedtls.a
[1195/1655] Building C object esp-idf/app_trace/CMakeFiles/__idf_app_trace.dir/app_trace_util.c.obj
[1196/1655] Building C object esp-idf/unity/CMakeFiles/__idf_unity.dir/unity_compat.c.obj
[1197/1655] Building C object esp-idf/app_trace/CMakeFiles/__idf_app_trace.dir/app_trace.c.obj
[1198/1655] Building C object esp-idf/app_trace/CMakeFiles/__idf_app_trace.dir/host_file_io.c.obj
[1199/1655] Building C object esp-idf/esp_pm/CMakeFiles/__idf_esp_pm.dir/pm_impl.c.obj
[1200/1655] Linking C static library esp-idf/esp_pm/libesp_pm.a
[1201/1655] Building C object esp-idf/unity/CMakeFiles/__idf_unity.dir/unity/src/unity.c.obj
[1202/1655] Building C object esp-idf/unity/CMakeFiles/__idf_unity.dir/unity_runner.c.obj
[1203/1655] Linking C static library esp-idf/esp_driver_gpio/libesp_driver_gpio.a
[1204/1655] Linking C static library esp-idf/riscv/libriscv.a
[1205/1655] Building C object esp-idf/cmock/CMakeFiles/__idf_cmock.dir/CMock/src/cmock.c.obj
[1206/1655] Building C object esp-idf/app_trace/CMakeFiles/__idf_app_trace.dir/port/port_uart.c.obj
[1207/1655] Building C object esp-idf/unity/CMakeFiles/__idf_unity.dir/unity_utils_freertos.c.obj
[1208/1655] Building C object esp-idf/esp_driver_cam/CMakeFiles/__idf_esp_driver_cam.dir/esp_cam_ctlr.c.obj
[1209/1655] Linking C static library esp-idf/app_trace/libapp_trace.a
[1210/1655] Building C object esp-idf/unity/CMakeFiles/__idf_unity.dir/unity_utils_cache.c.obj
[1211/1655] Building C object esp-idf/unity/CMakeFiles/__idf_unity.dir/unity_utils_memory.c.obj
[1212/1655] Building C object esp-idf/unity/CMakeFiles/__idf_unity.dir/unity_port_esp32.c.obj
[1213/1655] Building C object esp-idf/unity/CMakeFiles/__idf_unity.dir/port/esp/unity_utils_memory_esp.c.obj
[1214/1655] Linking C static library esp-idf/unity/libunity.a
[1215/1655] Linking C static library esp-idf/cmock/libcmock.a
[1216/1655] Building C object esp-idf/esp_driver_cam/CMakeFiles/__idf_esp_driver_cam.dir/dvp_share_ctrl.c.obj
[1217/1655] Building C object esp-idf/esp_hid/CMakeFiles/__idf_esp_hid.dir/src/esp_hid_common.c.obj
[1218/1655] Linking C static library esp-idf/esp_driver_cam/libesp_driver_cam.a
[1219/1655] Building C object esp-idf/esp_eth/CMakeFiles/__idf_esp_eth.dir/src/esp_eth.c.obj
[1220/1655] Building C object esp-idf/esp_hid/CMakeFiles/__idf_esp_hid.dir/src/esp_hidd.c.obj
[1221/1655] Building C object esp-idf/esp_lcd/CMakeFiles/__idf_esp_lcd.dir/src/esp_lcd_common.c.obj
[1222/1655] Building C object esp-idf/esp_eth/CMakeFiles/__idf_esp_eth.dir/src/esp_eth_netif_glue.c.obj
[1223/1655] Building C object esp-idf/esp_eth/CMakeFiles/__idf_esp_eth.dir/src/phy/esp_eth_phy_802_3.c.obj
[1224/1655] Building C object esp-idf/esp_hid/CMakeFiles/__idf_esp_hid.dir/src/esp_hidh.c.obj
[1225/1655] Linking C static library esp-idf/esp_eth/libesp_eth.a
[1226/1655] Building C object esp-idf/esp_lcd/CMakeFiles/__idf_esp_lcd.dir/src/esp_lcd_panel_io.c.obj
[1227/1655] Linking C static library esp-idf/esp_hid/libesp_hid.a
[1228/1655] Building C object esp-idf/esp_lcd/CMakeFiles/__idf_esp_lcd.dir/src/esp_lcd_panel_ops.c.obj
[1229/1655] Building C object esp-idf/protocomm/CMakeFiles/__idf_protocomm.dir/proto-c/constants.pb-c.c.obj
[1230/1655] Building C object esp-idf/esp_lcd/CMakeFiles/__idf_esp_lcd.dir/src/esp_lcd_panel_nt35510.c.obj
[1231/1655] Building C object esp-idf/protocomm/CMakeFiles/__idf_protocomm.dir/proto-c/sec0.pb-c.c.obj
[1232/1655] Building C object esp-idf/esp_lcd/CMakeFiles/__idf_esp_lcd.dir/src/esp_lcd_panel_ssd1306.c.obj
[1233/1655] Building C object esp-idf/esp_lcd/CMakeFiles/__idf_esp_lcd.dir/src/esp_lcd_panel_st7789.c.obj
[1234/1655] Building C object esp-idf/esp_https_server/CMakeFiles/__idf_esp_https_server.dir/src/https_server.c.obj
[1235/1655] Linking C static library esp-idf/esp_https_server/libesp_https_server.a
[1236/1655] Building C object esp-idf/esp_lcd/CMakeFiles/__idf_esp_lcd.dir/i2c/esp_lcd_panel_io_i2c_v1.c.obj
[1237/1655] Building C object esp-idf/protocomm/CMakeFiles/__idf_protocomm.dir/proto-c/sec1.pb-c.c.obj
[1238/1655] Building C object esp-idf/protobuf-c/CMakeFiles/__idf_protobuf-c.dir/protobuf-c/protobuf-c/protobuf-c.c.obj
[1239/1655] Building C object esp-idf/esp_lcd/CMakeFiles/__idf_esp_lcd.dir/i2c/esp_lcd_panel_io_i2c_v2.c.obj
[1240/1655] Linking C static library esp-idf/protobuf-c/libprotobuf-c.a
[1241/1655] Building C object esp-idf/protocomm/CMakeFiles/__idf_protocomm.dir/src/common/protocomm.c.obj
[1242/1655] Building C object esp-idf/protocomm/CMakeFiles/__idf_protocomm.dir/proto-c/sec2.pb-c.c.obj
[1243/1655] Building C object esp-idf/protocomm/CMakeFiles/__idf_protocomm.dir/proto-c/session.pb-c.c.obj
[1244/1655] Building C object esp-idf/esp_lcd/CMakeFiles/__idf_esp_lcd.dir/spi/esp_lcd_panel_io_spi.c.obj
[1245/1655] Linking C static library esp-idf/esp_lcd/libesp_lcd.a
[1246/1655] Building C object esp-idf/esp_local_ctrl/CMakeFiles/__idf_esp_local_ctrl.dir/proto-c/esp_local_ctrl.pb-c.c.obj
[1247/1655] Building C object esp-idf/espcoredump/CMakeFiles/__idf_espcoredump.dir/src/core_dump_init.c.obj
[1248/1655] Building C object esp-idf/protocomm/CMakeFiles/__idf_protocomm.dir/src/crypto/srp6a/esp_srp_mpi.c.obj
[1249/1655] Building C object esp-idf/protocomm/CMakeFiles/__idf_protocomm.dir/src/security/security0.c.obj
[1250/1655] Building C object esp-idf/protocomm/CMakeFiles/__idf_protocomm.dir/src/transports/protocomm_console.c.obj
[1251/1655] Building C object esp-idf/protocomm/CMakeFiles/__idf_protocomm.dir/src/transports/protocomm_httpd.c.obj
[1252/1655] Building C object esp-idf/protocomm/CMakeFiles/__idf_protocomm.dir/src/crypto/srp6a/esp_srp.c.obj
[1253/1655] Building C object esp-idf/espcoredump/CMakeFiles/__idf_espcoredump.dir/src/core_dump_sha.c.obj
[1254/1655] Building C object esp-idf/espcoredump/CMakeFiles/__idf_espcoredump.dir/src/core_dump_crc.c.obj
[1255/1655] Building C object esp-idf/esp_local_ctrl/CMakeFiles/__idf_esp_local_ctrl.dir/src/esp_local_ctrl_handler.c.obj
[1256/1655] Building C object esp-idf/esp_local_ctrl/CMakeFiles/__idf_esp_local_ctrl.dir/src/esp_local_ctrl.c.obj
[1257/1655] Building C object esp-idf/protocomm/CMakeFiles/__idf_protocomm.dir/src/security/security2.c.obj
[1258/1655] Building C object esp-idf/protocomm/CMakeFiles/__idf_protocomm.dir/src/security/security1.c.obj
[1259/1655] Building C object esp-idf/esp_local_ctrl/CMakeFiles/__idf_esp_local_ctrl.dir/src/esp_local_ctrl_transport_httpd.c.obj
[1260/1655] Building C object esp-idf/espcoredump/CMakeFiles/__idf_espcoredump.dir/src/core_dump_common.c.obj
[1261/1655] Linking C static library esp-idf/protocomm/libprotocomm.a
[1262/1655] Building CXX object esp-idf/wear_levelling/CMakeFiles/__idf_wear_levelling.dir/Partition.cpp.obj
[1263/1655] Building CXX object esp-idf/wear_levelling/CMakeFiles/__idf_wear_levelling.dir/crc32.cpp.obj
[1264/1655] Building C object esp-idf/espcoredump/CMakeFiles/__idf_espcoredump.dir/src/core_dump_binary.c.obj
[1265/1655] Building C object esp-idf/espcoredump/CMakeFiles/__idf_espcoredump.dir/src/port/riscv/core_dump_port.c.obj
[1266/1655] Building CXX object esp-idf/wear_levelling/CMakeFiles/__idf_wear_levelling.dir/SPI_Flash.cpp.obj
[1267/1655] Building CXX object esp-idf/wear_levelling/CMakeFiles/__idf_wear_levelling.dir/WL_Ext_Perf.cpp.obj
[1268/1655] Building C object esp-idf/espcoredump/CMakeFiles/__idf_espcoredump.dir/src/core_dump_elf.c.obj
[1269/1655] Building C object esp-idf/espcoredump/CMakeFiles/__idf_espcoredump.dir/src/core_dump_flash.c.obj
[1270/1655] Building C object esp-idf/espcoredump/CMakeFiles/__idf_espcoredump.dir/src/core_dump_uart.c.obj
[1271/1655] Building CXX object esp-idf/wear_levelling/CMakeFiles/__idf_wear_levelling.dir/WL_Ext_Safe.cpp.obj
[1272/1655] Linking C static library esp-idf/espcoredump/libespcoredump.a
[1273/1655] Building CXX object esp-idf/wear_levelling/CMakeFiles/__idf_wear_levelling.dir/wear_levelling.cpp.obj
[1274/1655] Building CXX object esp-idf/wear_levelling/CMakeFiles/__idf_wear_levelling.dir/WL_Flash.cpp.obj
[1275/1655] Linking C static library esp-idf/wear_levelling/libwear_levelling.a
[1276/1655] Building C object esp-idf/fatfs/CMakeFiles/__idf_fatfs.dir/diskio/diskio.c.obj
[1277/1655] Building C object esp-idf/fatfs/CMakeFiles/__idf_fatfs.dir/diskio/diskio_rawflash.c.obj
[1278/1655] Building C object esp-idf/fatfs/CMakeFiles/__idf_fatfs.dir/src/ffunicode.c.obj
[1279/1655] Building C object esp-idf/fatfs/CMakeFiles/__idf_fatfs.dir/port/freertos/ffsystem.c.obj
[1280/1655] Building C object esp-idf/fatfs/CMakeFiles/__idf_fatfs.dir/diskio/diskio_sdmmc.c.obj
[1281/1655] Building C object esp-idf/fatfs/CMakeFiles/__idf_fatfs.dir/diskio/diskio_wl.c.obj
[1282/1655] Building C object esp-idf/fatfs/CMakeFiles/__idf_fatfs.dir/src/ff.c.obj
[1283/1655] Building C object esp-idf/json/CMakeFiles/__idf_json.dir/cJSON/cJSON.c.obj
[1284/1655] Building C object esp-idf/json/CMakeFiles/__idf_json.dir/cJSON/cJSON_Utils.c.obj
[1285/1655] Building C object esp-idf/fatfs/CMakeFiles/__idf_fatfs.dir/vfs/vfs_fat_sdmmc.c.obj
[1286/1655] Building C object esp-idf/fatfs/CMakeFiles/__idf_fatfs.dir/vfs/vfs_fat_spiflash.c.obj
[1287/1655] Linking C static library esp-idf/json/libjson.a
[1288/1655] Building C object esp-idf/fatfs/CMakeFiles/__idf_fatfs.dir/vfs/vfs_fat.c.obj
[1289/1655] Building C object esp-idf/nvs_sec_provider/CMakeFiles/__idf_nvs_sec_provider.dir/nvs_sec_provider.c.obj
[1290/1655] Linking C static library esp-idf/nvs_sec_provider/libnvs_sec_provider.a
[1291/1655] Building C object esp-idf/mqtt/CMakeFiles/__idf_mqtt.dir/esp-mqtt/lib/platform_esp32_idf.c.obj
[1292/1655] Linking C static library esp-idf/fatfs/libfatfs.a
[1293/1655] Building C object esp-idf/mqtt/CMakeFiles/__idf_mqtt.dir/esp-mqtt/lib/mqtt_outbox.c.obj
[1294/1655] Building C object esp-idf/spiffs/CMakeFiles/__idf_spiffs.dir/spiffs/src/spiffs_cache.c.obj
[1295/1655] Building C object esp-idf/mqtt/CMakeFiles/__idf_mqtt.dir/esp-mqtt/lib/mqtt_msg.c.obj
[1296/1655] Building C object esp-idf/rt/CMakeFiles/__idf_rt.dir/FreeRTOS_POSIX_utils.c.obj
[1297/1655] Building C object esp-idf/spiffs/CMakeFiles/__idf_spiffs.dir/spiffs/src/spiffs_check.c.obj
[1298/1655] Building C object esp-idf/rt/CMakeFiles/__idf_rt.dir/FreeRTOS_POSIX_mqueue.c.obj
[1299/1655] Building C object esp-idf/spiffs/CMakeFiles/__idf_spiffs.dir/spiffs_api.c.obj
[1300/1655] Linking C static library esp-idf/rt/librt.a
[1301/1655] Building C object esp-idf/spiffs/CMakeFiles/__idf_spiffs.dir/spiffs/src/spiffs_gc.c.obj
[1302/1655] Building C object esp-idf/wifi_provisioning/CMakeFiles/__idf_wifi_provisioning.dir/src/wifi_config.c.obj
[1303/1655] Building C object esp-idf/spiffs/CMakeFiles/__idf_spiffs.dir/spiffs/src/spiffs_hydrogen.c.obj
[1304/1655] Building C object esp-idf/wifi_provisioning/CMakeFiles/__idf_wifi_provisioning.dir/src/wifi_ctrl.c.obj
[1305/1655] Building C object esp-idf/spiffs/CMakeFiles/__idf_spiffs.dir/spiffs/src/spiffs_nucleus.c.obj
[1306/1655] Building C object esp-idf/wifi_provisioning/CMakeFiles/__idf_wifi_provisioning.dir/proto-c/wifi_config.pb-c.c.obj
[1307/1655] Building C object esp-idf/wifi_provisioning/CMakeFiles/__idf_wifi_provisioning.dir/src/wifi_scan.c.obj
[1308/1655] Building C object esp-idf/wifi_provisioning/CMakeFiles/__idf_wifi_provisioning.dir/proto-c/wifi_scan.pb-c.c.obj
[1309/1655] Building C object esp-idf/wifi_provisioning/CMakeFiles/__idf_wifi_provisioning.dir/proto-c/wifi_ctrl.pb-c.c.obj
[1310/1655] Building C object esp-idf/wifi_provisioning/CMakeFiles/__idf_wifi_provisioning.dir/proto-c/wifi_constants.pb-c.c.obj
[1311/1655] Building C object esp-idf/mqtt/CMakeFiles/__idf_mqtt.dir/esp-mqtt/mqtt_client.c.obj
[1312/1655] Linking C static library esp-idf/mqtt/libmqtt.a
[1313/1655] Building C object esp-idf/spiffs/CMakeFiles/__idf_spiffs.dir/esp_spiffs.c.obj
[1314/1655] Building C object esp-idf/wifi_provisioning/CMakeFiles/__idf_wifi_provisioning.dir/src/handlers.c.obj
[1315/1655] Building C object esp-idf/wifi_provisioning/CMakeFiles/__idf_wifi_provisioning.dir/src/scheme_console.c.obj
[1316/1655] Building C object esp-idf/espressif__esp_delta_ota/CMakeFiles/__idf_espressif__esp_delta_ota.dir/src/esp_delta_ota.c.obj
[1317/1655] Building C object esp-idf/espressif__esp_delta_ota/CMakeFiles/__idf_espressif__esp_delta_ota.dir/detools/c/heatshrink/heatshrink_decoder.c.obj
[1318/1655] Linking C static library esp-idf/spiffs/libspiffs.a
[1319/1655] Building C object esp-idf/wifi_provisioning/CMakeFiles/__idf_wifi_provisioning.dir/src/manager.c.obj
[1320/1655] Building C object esp-idf/espressif__esp_delta_ota/CMakeFiles/__idf_espressif__esp_delta_ota.dir/detools/c/detools.c.obj
[1321/1655] Linking C static library esp-idf/espressif__esp_delta_ota/libespressif__esp_delta_ota.a
[1322/1655] Building C object esp-idf/wifi_provisioning/CMakeFiles/__idf_wifi_provisioning.dir/src/scheme_softap.c.obj
[1323/1655] Building C object esp-idf/espressif__rmaker_common/CMakeFiles/__idf_espressif__rmaker_common.dir/src/timezone.c.obj
[1324/1655] Building C object esp-idf/espressif__rmaker_common/CMakeFiles/__idf_espressif__rmaker_common.dir/src/work_queue.c.obj
[1325/1655] Linking C static library esp-idf/wifi_provisioning/libwifi_provisioning.a
[1326/1655] Building C object esp-idf/espressif__esp_encrypted_img/CMakeFiles/__idf_espressif__esp_encrypted_img.dir/src/esp_encrypted_img.c.obj
[1327/1655] Linking C static library esp-idf/espressif__esp_encrypted_img/libespressif__esp_encrypted_img.a
[1328/1655] Building C object esp-idf/espressif__rmaker_common/CMakeFiles/__idf_espressif__rmaker_common.dir/src/utils.c.obj
[1329/1655] Building C object esp-idf/espressif__rmaker_common/CMakeFiles/__idf_espressif__rmaker_common.dir/src/console/rmaker_console.c.obj
[1330/1655] Building C object esp-idf/espressif__rmaker_common/CMakeFiles/__idf_espressif__rmaker_common.dir/src/create_APN3_PPI_string.c.obj
[1331/1655] Building C object esp-idf/espressif__esp_diagnostics/CMakeFiles/__idf_espressif__esp_diagnostics.dir/src/esp_diagnostics_metrics.c.obj
[1332/1655] Building C object esp-idf/espressif__rmaker_common/CMakeFiles/__idf_espressif__rmaker_common.dir/src/factory.c.obj
[1333/1655] Building C object esp-idf/espressif__esp_diagnostics/CMakeFiles/__idf_espressif__esp_diagnostics.dir/src/esp_diagnostics_log_hook.c.obj
[1334/1655] Building C object esp-idf/espressif__rmaker_common/CMakeFiles/__idf_espressif__rmaker_common.dir/src/time.c.obj
[1335/1655] Building C object esp-idf/espressif__rmaker_common/CMakeFiles/__idf_espressif__rmaker_common.dir/src/console/rmaker_common_cmds.c.obj
[1336/1655] Building C object esp-idf/espressif__rmaker_common/CMakeFiles/__idf_espressif__rmaker_common.dir/src/cmd_resp.c.obj
[1337/1655] Building C object esp-idf/espressif__esp_diagnostics/CMakeFiles/__idf_espressif__esp_diagnostics.dir/src/esp_diagnostics_utils.c.obj
In file included from /project/GitHub/esp32c6_xiao/c6_matter_thread_sd40_v1_oled/managed_components/espressif__esp_diagnostics/src/esp_diagnostics_utils.c:48:
/opt/esp/idf/components/freertos/esp_additions/include/freertos/task_snapshot.h:8:2: warning: #warning freertos/task_snapshot.h header is no longer used, and will be removed in future versions. [-Wcpp]
    8 | #warning freertos/task_snapshot.h header is no longer used, and will be removed in future versions.
      |  ^~~~~~~
[1338/1655] Building C object esp-idf/espressif__cbor/CMakeFiles/__idf_espressif__cbor.dir/tinycbor/src/cborencoder_close_container_checked.c.obj
[1339/1655] Building C object esp-idf/espressif__esp_diagnostics/CMakeFiles/__idf_espressif__esp_diagnostics.dir/src/esp_diagnostics_heap_metrics.c.obj
[1340/1655] Building C object esp-idf/espressif__esp_diagnostics/CMakeFiles/__idf_espressif__esp_diagnostics.dir/src/esp_diagnostics_variables.c.obj
[1341/1655] Building C object esp-idf/espressif__cbor/CMakeFiles/__idf_espressif__cbor.dir/tinycbor/src/cborencoder.c.obj
[1342/1655] Building C object esp-idf/espressif__cbor/CMakeFiles/__idf_espressif__cbor.dir/tinycbor/src/cborencoder_float.c.obj
[1343/1655] Building C object esp-idf/espressif__esp_diagnostics/CMakeFiles/__idf_espressif__esp_diagnostics.dir/src/esp_diagnostics_wifi_metrics.c.obj
[1344/1655] Building C object esp-idf/espressif__cbor/CMakeFiles/__idf_espressif__cbor.dir/tinycbor/src/cborerrorstrings.c.obj
[1345/1655] Building C object esp-idf/espressif__cbor/CMakeFiles/__idf_espressif__cbor.dir/tinycbor/src/cborparser_dup_string.c.obj
[1346/1655] Building C object esp-idf/espressif__cbor/CMakeFiles/__idf_espressif__cbor.dir/tinycbor/src/cborparser_float.c.obj
[1347/1655] Building C object esp-idf/espressif__cbor/CMakeFiles/__idf_espressif__cbor.dir/tinycbor/src/cborpretty_stdio.c.obj
[1348/1655] Building C object esp-idf/espressif__esp_diagnostics/CMakeFiles/__idf_espressif__esp_diagnostics.dir/src/esp_diagnostics_network_variables.c.obj
[1349/1655] Building C object esp-idf/espressif__rmaker_common/CMakeFiles/__idf_espressif__rmaker_common.dir/src/esp-mqtt/esp-mqtt-glue.c.obj
[1350/1655] Building C object esp-idf/espressif__cbor/CMakeFiles/__idf_espressif__cbor.dir/tinycbor/src/cborparser.c.obj
[1351/1655] Building C object esp-idf/espressif__cbor/CMakeFiles/__idf_espressif__cbor.dir/tinycbor/src/cborvalidation.c.obj
[1352/1655] Linking C static library esp-idf/espressif__rmaker_common/libespressif__rmaker_common.a
[1353/1655] Building C object esp-idf/espressif__cbor/CMakeFiles/__idf_espressif__cbor.dir/tinycbor/src/cborpretty.c.obj
[1354/1655] Building C object esp-idf/espressif__cbor/CMakeFiles/__idf_espressif__cbor.dir/tinycbor/src/cbortojson.c.obj
[1355/1655] Building C object esp-idf/espressif__cbor/CMakeFiles/__idf_espressif__cbor.dir/tinycbor/src/open_memstream.c.obj
[1356/1655] Linking C static library esp-idf/espressif__esp_diagnostics/libespressif__esp_diagnostics.a
[1357/1655] Linking C static library esp-idf/espressif__cbor/libespressif__cbor.a
[1358/1655] Building C object esp-idf/espressif__esp-serial-flasher/CMakeFiles/__idf_espressif__esp-serial-flasher.dir/src/esp_targets.c.obj
[1359/1655] Building C object esp-idf/espressif__esp_diag_data_store/CMakeFiles/__idf_espressif__esp_diag_data_store.dir/src/esp_diag_data_store.c.obj
[1360/1655] Building C object esp-idf/espressif__esp-serial-flasher/CMakeFiles/__idf_espressif__esp-serial-flasher.dir/src/esp_loader.c.obj
[1361/1655] Building C object esp-idf/espressif__esp-serial-flasher/CMakeFiles/__idf_espressif__esp-serial-flasher.dir/src/md5_hash.c.obj
[1362/1655] Building C object esp-idf/espressif__esp_diag_data_store/CMakeFiles/__idf_espressif__esp_diag_data_store.dir/src/rtc_store/rtc_store.c.obj
[1363/1655] Building C object esp-idf/espressif__esp-serial-flasher/CMakeFiles/__idf_espressif__esp-serial-flasher.dir/src/protocol.c.obj
[1364/1655] Linking C static library esp-idf/espressif__esp_diag_data_store/libespressif__esp_diag_data_store.a
[1365/1655] Generating ../../https_server.crt.S
[1366/1655] Building C object esp-idf/espressif__mdns/CMakeFiles/__idf_espressif__mdns.dir/mdns_mem_caps.c.obj
[1367/1655] Building C object esp-idf/espressif__esp-serial-flasher/CMakeFiles/__idf_espressif__esp-serial-flasher.dir/src/slip.c.obj
[1368/1655] Building C object esp-idf/espressif__esp_rcp_update/CMakeFiles/__idf_espressif__esp_rcp_update.dir/src/esp_rcp_ota.c.obj
[1369/1655] Building C object esp-idf/espressif__esp_insights/CMakeFiles/__idf_espressif__esp_insights.dir/src/esp_insights_transport.c.obj
[1370/1655] Building C object esp-idf/espressif__mdns/CMakeFiles/__idf_espressif__mdns.dir/mdns_console.c.obj
[1371/1655] Building C object esp-idf/espressif__esp-serial-flasher/CMakeFiles/__idf_espressif__esp-serial-flasher.dir/port/esp32_port.c.obj
[1372/1655] Building C object esp-idf/espressif__mdns/CMakeFiles/__idf_espressif__mdns.dir/mdns_networking_lwip.c.obj
[1373/1655] Building ASM object esp-idf/espressif__esp_insights/CMakeFiles/__idf_espressif__esp_insights.dir/__/__/https_server.crt.S.obj
[1374/1655] Building C object esp-idf/espressif__esp_rcp_update/CMakeFiles/__idf_espressif__esp_rcp_update.dir/src/esp_rcp_update.c.obj
[1375/1655] Building C object esp-idf/espressif__esp_secure_cert_mgr/CMakeFiles/__idf_espressif__esp_secure_cert_mgr.dir/srcs/esp_secure_cert_tlv_read.c.obj
[1376/1655] Building C object esp-idf/espressif__esp_secure_cert_mgr/CMakeFiles/__idf_espressif__esp_secure_cert_mgr.dir/srcs/esp_secure_cert_crypto.c.obj
[1377/1655] Building C object esp-idf/espressif__esp_insights/CMakeFiles/__idf_espressif__esp_insights.dir/src/esp_insights_cmd_resp.c.obj
[1378/1655] Linking C static library esp-idf/espressif__esp-serial-flasher/libespressif__esp-serial-flasher.a
[1379/1655] Linking C static library esp-idf/espressif__esp_secure_cert_mgr/libespressif__esp_secure_cert_mgr.a
[1380/1655] Linking C static library esp-idf/espressif__esp_rcp_update/libespressif__esp_rcp_update.a
[1381/1655] Building C object esp-idf/espressif__esp_insights/CMakeFiles/__idf_espressif__esp_insights.dir/src/esp_insights_client_data.c.obj
[1382/1655] Building C object esp-idf/oled_display/CMakeFiles/__idf_oled_display.dir/font_8x8.c.obj
[1383/1655] Building C object esp-idf/espressif__esp_insights/CMakeFiles/__idf_espressif__esp_insights.dir/src/esp_insights_encoder.c.obj
[1384/1655] Building C object esp-idf/button/CMakeFiles/__idf_button.dir/hollow_button/button_driver.c.obj
[1385/1655] Building C object esp-idf/espressif__json_parser/CMakeFiles/__idf_espressif__json_parser.dir/src/json_parser.c.obj
[1386/1655] Linking C static library esp-idf/button/libbutton.a
[1387/1655] Building C object esp-idf/oled_display/CMakeFiles/__idf_oled_display.dir/oled_display.c.obj
[1388/1655] Building C object esp-idf/oled_display/CMakeFiles/__idf_oled_display.dir/ssd1306.c.obj
[1389/1655] Linking C static library esp-idf/espressif__json_parser/libespressif__json_parser.a
[1390/1655] Building C object esp-idf/espressif__json_generator/CMakeFiles/__idf_espressif__json_generator.dir/src/json_generator.c.obj
[1391/1655] Linking C static library esp-idf/espressif__json_generator/libespressif__json_generator.a
[1392/1655] Linking C static library esp-idf/oled_display/liboled_display.a
[1393/1655] Building C object esp-idf/led_driver/CMakeFiles/__idf_led_driver.dir/utils/color_format.c.obj
[1394/1655] Building C object esp-idf/led_driver/CMakeFiles/__idf_led_driver.dir/hollow_led/led_driver.c.obj
[1395/1655] Building C object esp-idf/espressif__esp_insights/CMakeFiles/__idf_espressif__esp_insights.dir/src/esp_insights.c.obj
[1396/1655] Building C object esp-idf/device/CMakeFiles/__idf_device.dir/hollow/device.c.obj
[1397/1655] Building C object esp-idf/espressif__mdns/CMakeFiles/__idf_espressif__mdns.dir/mdns.c.obj
[1398/1655] Building C object esp-idf/espressif__esp_insights/CMakeFiles/__idf_espressif__esp_insights.dir/src/esp_insights_cbor_encoder.c.obj
[1399/1655] Building C object esp-idf/espressif__led_strip/CMakeFiles/__idf_espressif__led_strip.dir/src/led_strip_rmt_ws2812.c.obj
In file included from /project/GitHub/esp32c6_xiao/c6_matter_thread_sd40_v1_oled/managed_components/espressif__led_strip/src/led_strip_rmt_ws2812.c:20:
/opt/esp/idf/components/driver/deprecated/driver/rmt.h:18:2: warning: #warning "The legacy RMT driver is deprecated, please use driver/rmt_tx.h and/or driver/rmt_rx.h" [-Wcpp]
   18 | #warning "The legacy RMT driver is deprecated, please use driver/rmt_tx.h and/or driver/rmt_rx.h"
      |  ^~~~~~~
[1400/1655] Linking C static library esp-idf/espressif__led_strip/libespressif__led_strip.a
[1401/1655] Linking C static library esp-idf/led_driver/libled_driver.a
[1402/1655] Linking C static library esp-idf/espressif__mdns/libespressif__mdns.a
[1403/1655] Linking C static library esp-idf/device/libdevice.a
[1404/1655] Linking C static library esp-idf/esp_local_ctrl/libesp_local_ctrl.a
[1405/1655] Building C object esp-idf/espressif__esp_insights/CMakeFiles/__idf_espressif__esp_insights.dir/src/transport/esp_insights_https.c.obj
[1406/1655] Building C object esp-idf/espressif__esp_insights/CMakeFiles/__idf_espressif__esp_insights.dir/src/esp_insights_cbor_decoder.c.obj
[1407/1655] Linking C static library esp-idf/espressif__esp_insights/libespressif__esp_insights.a
[1408/1655] Performing build step for 'chip_gn'
[1/363] ACTION //third_party/connectedhomeip/src/access:gen_access_buildconfig(//third_party/connectedhomeip/config/esp32/toolchain:esp32)
[2/363] ACTION //third_party/connectedhomeip/src/app:gen_app_buildconfig(//third_party/connectedhomeip/config/esp32/toolchain:esp32)
[3/363] ACTION //third_party/connectedhomeip/src/app/icd/server:gen_icd-server-buildconfig(//third_party/connectedhomeip/config/esp32/toolchain:esp32)
[4/363] ACTION //third_party/connectedhomeip/src/crypto:gen_crypto_buildconfig(//third_party/connectedhomeip/config/esp32/toolchain:esp32)
[5/363] ACTION //third_party/connectedhomeip/src/ble:gen_ble_buildconfig(//third_party/connectedhomeip/config/esp32/toolchain:esp32)
[6/363] ACTION //third_party/connectedhomeip/src/credentials:gen_build_time_header(//third_party/connectedhomeip/config/esp32/toolchain:esp32)
[7/363] ACTION //third_party/connectedhomeip/src/data-model-providers/codegen:gen_processing-buildconfig(//third_party/connectedhomeip/config/esp32/toolchain:esp32)
[8/363] ACTION //third_party/connectedhomeip/src/lib/asn1:gen_asn1oid(//third_party/connectedhomeip/config/esp32/toolchain:esp32)
[9/363] ACTION //third_party/connectedhomeip/src/lib/core:gen_chip_buildconfig(//third_party/connectedhomeip/config/esp32/toolchain:esp32)
[10/363] ACTION //third_party/connectedhomeip/src/lib/support:gen_chip_version(//third_party/connectedhomeip/config/esp32/toolchain:esp32)
[11/363] ACTION //third_party/connectedhomeip/src/lwip:gen_lwip_buildconfig(//third_party/connectedhomeip/config/esp32/toolchain:esp32)
[12/363] ACTION //third_party/connectedhomeip/src/platform:gen_platform_buildconfig(//third_party/connectedhomeip/config/esp32/toolchain:esp32)
[13/363] ACTION //third_party/connectedhomeip/src/setup_payload:gen_additional_data_payload_buildconfig(//third_party/connectedhomeip/config/esp32/toolchain:esp32)
[14/363] ACTION //third_party/connectedhomeip/src/system:gen_system_buildconfig(//third_party/connectedhomeip/config/esp32/toolchain:esp32)
[15/363] ACTION //third_party/connectedhomeip/src/inet:gen_inet_buildconfig(//third_party/connectedhomeip/config/esp32/toolchain:esp32)
[16/363] ACTION //third_party/connectedhomeip/src/tracing:gen_tracing_buildconfig(//third_party/connectedhomeip/config/esp32/toolchain:esp32)
[17/363] c++ obj/third_party/connectedhomeip/src/app/util/types.ember-strings.cpp.o
[18/363] c++ obj/third_party/connectedhomeip/src/app/util/types.attribute-metadata.cpp.o
[19/363] c++ obj/third_party/connectedhomeip/src/credentials/attestation_verifier/test_paa_store.TestPAAStore.cpp.o
[20/363] c++ obj/third_party/connectedhomeip/src/app/data-model/data-model.FabricScopedPreEncodedValue.cpp.o
[21/363] c++ obj/third_party/connectedhomeip/src/app/data-model/data-model.PreEncodedValue.cpp.o
[22/363] c++ obj/third_party/connectedhomeip/src/app/data-model/encode-decode.StructDecodeIterator.cpp.o
[23/363] c++ obj/third_party/connectedhomeip/src/app/util/callbacks.MatterCallbacks.cpp.o
[24/363] c++ obj/third_party/connectedhomeip/src/access/examples/libaccess.PermissiveAccessControlDelegate.cpp.o
[25/363] c++ obj/third_party/connectedhomeip/src/access/libaccess.AccessControl.cpp.o
[26/363] c++ obj/third_party/connectedhomeip/src/access/examples/libaccess.ExampleAccessControlDelegate.cpp.o
[27/363] c++ obj/third_party/connectedhomeip/src/crypto/libChipCrypto.CHIPCryptoPAL.cpp.o
[28/363] c++ obj/third_party/connectedhomeip/src/crypto/libChipCrypto.PersistentStorageOperationalKeystore.cpp.o
[29/363] c++ obj/third_party/connectedhomeip/src/inet/libInetLayer.IPPacketInfo.cpp.o
[30/363] c++ obj/third_party/connectedhomeip/src/crypto/libChipCrypto.RandUtils.cpp.o
[31/363] c++ obj/third_party/connectedhomeip/src/inet/libInetLayer.IPPrefix.cpp.o
[32/363] c++ obj/third_party/connectedhomeip/src/app/data-model/encode-decode.WrappedStructEncoder.cpp.o
[33/363] c++ obj/third_party/connectedhomeip/src/inet/libInetLayer.IPAddress-StringFuncts.cpp.o
[34/363] c++ obj/third_party/connectedhomeip/src/crypto/libChipCrypto.RawKeySessionKeystore.cpp.o
[35/363] c++ obj/third_party/connectedhomeip/src/inet/libInetLayer.IPAddress.cpp.o
[36/363] c++ obj/third_party/connectedhomeip/src/inet/libInetLayer.InetInterfaceImplDefault.cpp.o
[37/363] c++ obj/third_party/connectedhomeip/src/crypto/cryptopal_mbedtls.CHIPCryptoPALmbedTLSCert.cpp.o
[38/363] c++ obj/third_party/connectedhomeip/src/crypto/cryptopal_mbedtls.CHIPCryptoPALmbedTLS.cpp.o
[39/363] c++ obj/third_party/connectedhomeip/src/inet/libInetLayer.InetArgParser.cpp.o
[40/363] c++ obj/third_party/connectedhomeip/src/inet/libInetLayer.InetInterface.cpp.o
[41/363] c++ obj/third_party/connectedhomeip/src/inet/libInetLayer.InetError.cpp.o
[42/363] c++ obj/third_party/connectedhomeip/src/lib/asn1/libASN1.ASN1Error.cpp.o
[43/363] c++ obj/third_party/connectedhomeip/src/inet/libInetLayer.EndPointStateLwIP.cpp.o
[44/363] c++ obj/third_party/connectedhomeip/src/inet/libInetLayer.UDPEndPoint.cpp.o
[45/363] c++ obj/third_party/connectedhomeip/src/lib/asn1/libASN1.ASN1OID.cpp.o
[46/363] c++ obj/third_party/connectedhomeip/src/lib/asn1/libASN1.ASN1Time.cpp.o
[47/363] c++ obj/third_party/connectedhomeip/src/inet/libInetLayer.UDPEndPointImplLwIP.cpp.o
[48/363] c++ obj/third_party/connectedhomeip/src/lib/asn1/libASN1.ASN1Reader.cpp.o
[49/363] c++ obj/third_party/connectedhomeip/src/lib/core/libChipCore.CHIPKeyIds.cpp.o
[50/363] c++ obj/third_party/connectedhomeip/src/lib/asn1/libASN1.ASN1Writer.cpp.o
[51/363] c++ obj/third_party/connectedhomeip/src/lib/core/libChipCore.TLVCircularBuffer.cpp.o
[52/363] c++ obj/third_party/connectedhomeip/src/lib/core/libChipCore.OTAImageHeader.cpp.o
[53/363] c++ obj/third_party/connectedhomeip/src/lib/core/libChipCore.TLVDebug.cpp.o
[54/363] c++ obj/third_party/connectedhomeip/src/lib/core/libChipCore.TLVTags.cpp.o
[55/363] c++ obj/third_party/connectedhomeip/src/lib/core/error.CHIPError.cpp.o
[56/363] c++ obj/third_party/connectedhomeip/src/lib/core/libChipCore.TLVUpdater.cpp.o
[57/363] c++ obj/third_party/connectedhomeip/src/lib/core/error.ErrorStr.cpp.o
[58/363] c++ obj/third_party/connectedhomeip/src/lib/core/libChipCore.TLVReader.cpp.o
[59/363] c++ obj/third_party/connectedhomeip/src/lib/core/libChipCore.TLVUtilities.cpp.o
[60/363] c++ obj/third_party/connectedhomeip/src/lib/core/libChipCore.TLVWriter.cpp.o
[61/363] c++ obj/third_party/connectedhomeip/src/lib/dnssd/minimal_mdns/address_policy.AddressPolicy.cpp.o
[62/363] c++ obj/third_party/connectedhomeip/src/lib/dnssd/minimal_mdns/default_policy.AddressPolicy_DefaultImpl.cpp.o
[63/363] c++ obj/third_party/connectedhomeip/src/lib/dnssd/minimal_mdns/minimal_mdns.Parser.cpp.o
[64/363] c++ obj/third_party/connectedhomeip/src/lib/dnssd/minimal_mdns/minimal_mdns.RecordData.cpp.o
[65/363] c++ obj/third_party/connectedhomeip/src/lib/dnssd/naming.ServiceNaming.cpp.o
[66/363] c++ obj/third_party/connectedhomeip/src/lib/dnssd/minimal_mdns/core/core.QName.cpp.o
[67/363] c++ obj/third_party/connectedhomeip/src/lib/dnssd/minimal_mdns/core/core.QNameString.cpp.o
[68/363] c++ obj/third_party/connectedhomeip/src/lib/shell/shell_core.streamer.cpp.o
[69/363] c++ obj/third_party/connectedhomeip/src/lib/dnssd/minimal_mdns/minimal_mdns.ResponseSender.cpp.o
[70/363] c++ obj/third_party/connectedhomeip/src/lib/dnssd/minimal_mdns/core/core.RecordWriter.cpp.o
[71/363] c++ obj/third_party/connectedhomeip/src/lib/support/libSupportLayer.Base64.cpp.o
[72/363] c++ obj/third_party/connectedhomeip/src/lib/dnssd/minimal_mdns/records/records.IP.cpp.o
[73/363] c++ obj/third_party/connectedhomeip/src/lib/dnssd/minimal_mdns/records/records.ResourceRecord.cpp.o
[74/363] c++ obj/third_party/connectedhomeip/src/lib/shell/shell_core.CommandSet.cpp.o
[75/363] c++ obj/third_party/connectedhomeip/src/lib/support/memory.CHIPMem.cpp.o
[76/363] c++ obj/third_party/connectedhomeip/src/lib/dnssd/minimal_mdns/responders/responders.IP.cpp.o
[77/363] c++ obj/third_party/connectedhomeip/src/lib/support/memory.CHIPPlatformMemory.cpp.o
[78/363] c++ obj/third_party/connectedhomeip/src/lib/dnssd/minimal_mdns/responders/responders.QueryResponder.cpp.o
[79/363] c++ obj/third_party/connectedhomeip/src/lib/support/libSupportLayer.FibonacciUtils.cpp.o
[80/363] c++ obj/third_party/connectedhomeip/src/lib/support/libSupportLayer.FixedBufferAllocator.cpp.o
[81/363] c++ obj/third_party/connectedhomeip/src/lib/support/libSupportLayer.BufferWriter.cpp.o
[82/363] c++ obj/third_party/connectedhomeip/src/lib/support/libSupportLayer.BufferReader.cpp.o
[83/363] c++ obj/third_party/connectedhomeip/src/lib/dnssd/minimal_mdns/minimal_mdns.Server.cpp.o
[84/363] c++ obj/third_party/connectedhomeip/src/lib/support/libSupportLayer.BytesCircularBuffer.cpp.o
[85/363] c++ obj/third_party/connectedhomeip/src/lib/support/libSupportLayer.BytesToHex.cpp.o
[86/363] c++ obj/third_party/connectedhomeip/src/lib/support/libSupportLayer.CHIPArgParser.cpp.o
[87/363] c++ obj/third_party/connectedhomeip/src/lib/support/libSupportLayer.PersistentStorageAudit.cpp.o
[88/363] c++ obj/third_party/connectedhomeip/src/lib/support/libSupportLayer.Pool.cpp.o
[89/363] c++ obj/third_party/connectedhomeip/src/lib/support/libSupportLayer.PrivateHeap.cpp.o
[90/363] c++ obj/third_party/connectedhomeip/src/lib/support/libSupportLayer.ReadOnlyBuffer.cpp.o
[91/363] c++ obj/third_party/connectedhomeip/src/lib/shell/shell_core.Engine.cpp.o
[92/363] c++ obj/third_party/connectedhomeip/src/lib/support/libSupportLayer.IniEscaping.cpp.o
[93/363] c++ obj/third_party/connectedhomeip/src/lib/support/libSupportLayer.StringBuilder.cpp.o
[94/363] c++ obj/third_party/connectedhomeip/src/lib/support/verhoeff/libSupportLayer.Verhoeff.cpp.o
[95/363] c++ obj/third_party/connectedhomeip/src/lib/support/verhoeff/libSupportLayer.Verhoeff10.cpp.o
[96/363] c++ obj/third_party/connectedhomeip/src/lib/support/libSupportLayer.ThreadOperationalDataset.cpp.o
[97/363] c++ obj/third_party/connectedhomeip/src/lib/support/libSupportLayer.TimeUtils.cpp.o
[98/363] c++ obj/third_party/connectedhomeip/src/lib/support/libSupportLayer.ZclString.cpp.o
[99/363] c++ obj/third_party/connectedhomeip/src/lib/support/logging/libSupportLayer.BinaryLogging.cpp.o
[100/363] c++ obj/third_party/connectedhomeip/src/lib/support/libSupportLayer.utf8.cpp.o
[101/363] c++ obj/third_party/connectedhomeip/src/lib/support/logging/text_only_logging.TextOnlyLogging.cpp.o
[102/363] c++ obj/third_party/connectedhomeip/src/platform/libDeviceLayer.CommissionableDataProvider.cpp.o
[103/363] ar libSupportLayer.a
[104/363] c++ obj/third_party/connectedhomeip/src/platform/libDeviceLayer.RuntimeOptionsProvider.cpp.o
[105/363] c++ obj/third_party/connectedhomeip/src/platform/libDeviceLayer.Entropy.cpp.o
[106/363] c++ obj/third_party/connectedhomeip/src/platform/libDeviceLayer.DeviceInstanceInfoProvider.cpp.o
[107/363] c++ obj/third_party/connectedhomeip/src/platform/libDeviceLayer.DeviceControlServer.cpp.o
[108/363] c++ obj/third_party/connectedhomeip/src/platform/libDeviceLayer.GeneralUtils.cpp.o
[109/363] c++ obj/third_party/connectedhomeip/src/platform/libDeviceLayer.Globals.cpp.o
[110/363] c++ obj/third_party/connectedhomeip/src/platform/libDeviceLayer.LockTracker.cpp.o
[111/363] c++ obj/third_party/connectedhomeip/src/platform/libDeviceLayer.PersistedStorage.cpp.o
[112/363] c++ obj/third_party/connectedhomeip/src/platform/libDeviceLayer.PlatformEventSupport.cpp.o
[113/363] c++ obj/third_party/connectedhomeip/src/platform/OpenThread/libDeviceLayer.GenericNetworkCommissioningThreadDriver.cpp.o
[114/363] c++ obj/third_party/connectedhomeip/src/platform/ESP32.SingletonConfigurationManager.cpp.o
[115/363] c++ obj/third_party/connectedhomeip/src/platform/ESP32/ESP32.ConfigurationManagerImpl.cpp.o
[116/363] c++ obj/third_party/connectedhomeip/src/platform/ESP32/ESP32.ConnectivityManagerImpl.cpp.o
[117/363] c++ obj/third_party/connectedhomeip/src/platform/ESP32/ESP32.ESP32Config.cpp.o
[118/363] c++ obj/third_party/connectedhomeip/src/platform/ESP32/ESP32.ESP32Utils.cpp.o
[119/363] c++ obj/third_party/connectedhomeip/src/platform/ESP32/ESP32.KeyValueStoreManagerImpl.cpp.o
[120/363] c++ obj/third_party/connectedhomeip/zzz_generated/app-common/app-common/zap-generated/libClusterObjects.cluster-objects.cpp.o
[121/363] c++ obj/third_party/connectedhomeip/src/platform/ESP32/ESP32.SystemTimeSupport.cpp.o
[122/363] cc obj/third_party/connectedhomeip/src/platform/ESP32/route_hook/ESP32.ESP32RouteHook.c.o
[123/363] cc obj/third_party/connectedhomeip/src/platform/ESP32/route_hook/ESP32.ESP32RouteTable.c.o
[124/363] c++ obj/third_party/connectedhomeip/src/platform/ESP32/ESP32.CHIPMem-PlatformDefault.cpp.o
[125/363] c++ obj/third_party/connectedhomeip/src/platform/ESP32/logging.Logging.cpp.o
[126/363] c++ obj/third_party/connectedhomeip/src/platform/ESP32/ESP32.NetworkCommissioningDriver.cpp.o
[127/363] c++ obj/third_party/connectedhomeip/src/platform/ESP32/ESP32.OpenthreadLauncher.cpp.o
[128/363] c++ obj/third_party/connectedhomeip/src/protocols/interaction_model/libInteractionModel.StatusCode.cpp.o
[129/363] c++ obj/third_party/connectedhomeip/src/protocols/secure_channel/check-in-counter.CheckInCounter.cpp.o
[130/363] c++ obj/third_party/connectedhomeip/src/protocols/secure_channel/check-in-message.CheckinMessage.cpp.o
[131/363] c++ obj/third_party/connectedhomeip/src/protocols/secure_channel/libSecureChannelTypes.StatusReport.cpp.o
[132/363] c++ obj/third_party/connectedhomeip/src/platform/OpenThread/ESP32.GenericNetworkCommissioningThreadDriver.cpp.o
[133/363] c++ obj/third_party/connectedhomeip/src/setup_payload/additional_data_payload.AdditionalDataPayloadGenerator.cpp.o
[134/363] c++ obj/third_party/connectedhomeip/src/platform/OpenThread/ESP32.OpenThreadUtils.cpp.o
[135/363] c++ obj/third_party/connectedhomeip/src/platform/libDeviceLayer.DeviceInfoProvider.cpp.o
[136/363] c++ obj/third_party/connectedhomeip/src/platform/libDeviceLayer.DiagnosticDataProvider.cpp.o
[137/363] c++ obj/third_party/connectedhomeip/src/setup_payload/additional_data_payload.AdditionalDataPayloadParser.cpp.o
[138/363] c++ obj/third_party/connectedhomeip/src/setup_payload/libSetupPayload.Base38Encode.cpp.o
[139/363] c++ obj/third_party/connectedhomeip/src/setup_payload/libSetupPayload.Base38Decode.cpp.o
[140/363] c++ obj/third_party/connectedhomeip/src/setup_payload/libSetupPayload.ManualSetupPayloadGenerator.cpp.o
[141/363] c++ obj/third_party/connectedhomeip/src/setup_payload/libSetupPayload.ManualSetupPayloadParser.cpp.o
[142/363] c++ obj/third_party/connectedhomeip/src/system/libSystemLayer.SystemError.cpp.o
[143/363] c++ obj/third_party/connectedhomeip/src/system/libSystemLayer.SystemClock.cpp.o
[144/363] c++ obj/third_party/connectedhomeip/src/setup_payload/libSetupPayload.QRCodeSetupPayloadGenerator.cpp.o
[145/363] c++ obj/third_party/connectedhomeip/src/setup_payload/libSetupPayload.QRCodeSetupPayloadParser.cpp.o
[146/363] c++ obj/third_party/connectedhomeip/src/system/libSystemLayer.SystemLayer.cpp.o
[147/363] c++ obj/third_party/connectedhomeip/src/setup_payload/onboarding-codes-utils.OnboardingCodesUtil.cpp.o
[148/363] c++ obj/third_party/connectedhomeip/src/system/libSystemLayer.SystemMutex.cpp.o
[149/363] c++ obj/third_party/connectedhomeip/src/setup_payload/libSetupPayload.SetupPayload.cpp.o
[150/363] c++ obj/third_party/connectedhomeip/src/system/libSystemLayer.WakeEvent.cpp.o
[151/363] c++ obj/third_party/connectedhomeip/src/system/libSystemLayer.SystemPacketBuffer.cpp.o
[152/363] c++ obj/third_party/connectedhomeip/src/system/libSystemLayer.SystemStats.cpp.o
[153/363] c++ obj/third_party/connectedhomeip/src/platform/ESP32/ESP32.DiagnosticDataProviderImpl.cpp.o
../../../../../../../workspace/esp-matter/connectedhomeip/connectedhomeip/config/esp32/third_party/connectedhomeip/src/platform/ESP32/DiagnosticDataProviderImpl.cpp: In member function 'virtual CHIP_ERROR chip::DeviceLayer::DiagnosticDataProviderImpl::GetNetworkInterfaces(chip::DeviceLayer::NetworkInterface**)':
../../../../../../../workspace/esp-matter/connectedhomeip/connectedhomeip/config/esp32/third_party/connectedhomeip/src/platform/ESP32/DiagnosticDataProviderImpl.cpp:193:45: warning: 'esp_netif_t* esp_netif_next(esp_netif_t*)' is deprecated: use esp_netif_next_unsafe() either directly or via esp_netif_tcpip_exec [-Wdeprecated-declarations]
  193 |     esp_netif_t * netif     = esp_netif_next(NULL);
      |                               ~~~~~~~~~~~~~~^~~~~~
In file included from ../../../../../../../workspace/esp-matter/connectedhomeip/connectedhomeip/config/esp32/third_party/connectedhomeip/src/platform/ESP32/DiagnosticDataProviderImpl.cpp:35:
/opt/esp/idf/components/esp_netif/include/esp_netif.h:1103:14: note: declared here
 1103 | esp_netif_t *esp_netif_next(esp_netif_t *esp_netif)
      |              ^~~~~~~~~~~~~~
../../../../../../../workspace/esp-matter/connectedhomeip/connectedhomeip/config/esp32/third_party/connectedhomeip/src/platform/ESP32/DiagnosticDataProviderImpl.cpp:203:74: warning: 'esp_netif_t* esp_netif_next(esp_netif_t*)' is deprecated: use esp_netif_next_unsafe() either directly or via esp_netif_tcpip_exec [-Wdeprecated-declarations]
  203 |         for (esp_netif_t * ifa = netif; ifa != NULL; ifa = esp_netif_next(ifa))
      |                                                            ~~~~~~~~~~~~~~^~~~~
/opt/esp/idf/components/esp_netif/include/esp_netif.h:1103:14: note: declared here
 1103 | esp_netif_t *esp_netif_next(esp_netif_t *esp_netif)
      |              ^~~~~~~~~~~~~~
[154/363] c++ obj/third_party/connectedhomeip/src/system/libSystemLayer.SystemTimer.cpp.o
[155/363] c++ obj/third_party/connectedhomeip/src/system/libSystemLayer.TLVPacketBufferBackingStore.cpp.o
[156/363] c++ obj/third_party/connectedhomeip/src/system/libSystemLayer.SystemLayerImplFreeRTOS.cpp.o
[157/363] c++ obj/third_party/connectedhomeip/src/platform/ESP32/ESP32.PlatformManagerImpl.cpp.o
[158/363] c++ obj/third_party/connectedhomeip/src/platform/ESP32/ESP32.ConnectivityManagerImpl_WiFi.cpp.o
[159/363] c++ obj/third_party/connectedhomeip/src/app/libCHIPDataModel.FailSafeContext.cpp.o
[160/363] c++ obj/third_party/connectedhomeip/src/app/attribute-access.AttributeAccessInterfaceRegistry.cpp.o
[161/363] c++ obj/third_party/connectedhomeip/src/app/attribute-access.AttributeReportBuilder.cpp.o
[162/363] c++ obj/third_party/connectedhomeip/src/platform/ESP32/ESP32.ThreadStackManagerImpl.cpp.o
[163/363] c++ obj/third_party/connectedhomeip/src/app/libCHIPDataModel.ChunkedWriteCallback.cpp.o
[164/363] c++ obj/third_party/connectedhomeip/src/app/attribute-access.AttributeValueEncoder.cpp.o
[165/363] c++ obj/third_party/connectedhomeip/src/app/command-handler.CommandHandler.cpp.o
[166/363] c++ obj/third_party/connectedhomeip/src/app/libCHIPDataModel.CommandResponseSender.cpp.o
[167/363] c++ obj/third_party/connectedhomeip/src/app/libCHIPDataModel.EventManagement.cpp.o
[168/363] c++ obj/third_party/connectedhomeip/src/app/libCHIPDataModel.BufferedReadCallback.cpp.o
[169/363] c++ obj/third_party/connectedhomeip/src/app/libCHIPDataModel.ReadHandler.cpp.o
[170/363] c++ obj/third_party/connectedhomeip/src/app/libCHIPDataModel.WriteHandler.cpp.o
[171/363] c++ obj/third_party/connectedhomeip/src/app/command-handler-interface.CommandHandlerInterfaceRegistry.cpp.o
[172/363] c++ obj/third_party/connectedhomeip/src/app/interaction-model.CASEClient.cpp.o
[173/363] c++ obj/third_party/connectedhomeip/src/app/global-attributes.GlobalAttributes.cpp.o
[174/363] c++ obj/third_party/connectedhomeip/src/app/interaction-model.CommandSender.cpp.o
[175/363] c++ obj/third_party/connectedhomeip/src/app/interaction-model.CASESessionManager.cpp.o
[176/363] c++ obj/third_party/connectedhomeip/src/app/interaction-model.PendingResponseTrackerImpl.cpp.o
[177/363] c++ obj/third_party/connectedhomeip/src/app/libCHIPDataModel.ClusterStateCache.cpp.o
[178/363] c++ obj/third_party/connectedhomeip/src/app/interaction-model.DeviceProxy.cpp.o
[179/363] c++ obj/third_party/connectedhomeip/src/app/interaction-model.TimedHandler.cpp.o
[180/363] c++ obj/third_party/connectedhomeip/src/app/interaction-model.TimedRequest.cpp.o
[181/363] c++ obj/third_party/connectedhomeip/src/app/interaction-model.DefaultTimerDelegate.cpp.o
[182/363] c++ obj/third_party/connectedhomeip/src/app/interaction-model.InteractionModelDelegatePointers.cpp.o
[183/363] c++ obj/third_party/connectedhomeip/src/app/interaction-model.OperationalSessionSetup.cpp.o
[184/363] c++ obj/third_party/connectedhomeip/src/app/command-handler-impl.CommandHandlerImpl.cpp.o
[185/363] c++ obj/third_party/connectedhomeip/src/app/reporting/interaction-model.ReportSchedulerImpl.cpp.o
[186/363] c++ obj/third_party/connectedhomeip/src/app/interaction-model.WriteClient.cpp.o
[187/363] c++ obj/third_party/connectedhomeip/src/app/interaction-model.SimpleSubscriptionResumptionStorage.cpp.o
[188/363] c++ obj/third_party/connectedhomeip/src/app/reporting/interaction-model.SynchronizedReportSchedulerImpl.cpp.o
[189/363] c++ obj/third_party/connectedhomeip/src/app/reporting/interaction-model.reporting.cpp.o
[190/363] c++ obj/third_party/connectedhomeip/src/app/MessageDef/MessageDef.ArrayBuilder.cpp.o
[191/363] c++ obj/third_party/connectedhomeip/src/app/status-response.StatusResponse.cpp.o
[192/363] c++ obj/third_party/connectedhomeip/src/app/MessageDef/MessageDef.ArrayParser.cpp.o
[193/363] c++ obj/third_party/connectedhomeip/src/app/MessageDef/MessageDef.AttributeDataIB.cpp.o
[194/363] c++ obj/third_party/connectedhomeip/src/app/MessageDef/MessageDef.AttributeDataIBs.cpp.o
[195/363] c++ obj/third_party/connectedhomeip/src/app/MessageDef/MessageDef.AttributePathIB.cpp.o
[196/363] c++ obj/third_party/connectedhomeip/src/app/path-expansion.AttributePathExpandIterator.cpp.o
[197/363] c++ obj/third_party/connectedhomeip/src/app/MessageDef/MessageDef.AttributePathIBs.cpp.o
[198/363] c++ obj/third_party/connectedhomeip/src/app/MessageDef/MessageDef.AttributeReportIB.cpp.o
[199/363] c++ obj/third_party/connectedhomeip/src/app/MessageDef/MessageDef.AttributeReportIBs.cpp.o
[200/363] c++ obj/third_party/connectedhomeip/src/app/MessageDef/MessageDef.Builder.cpp.o
[201/363] c++ obj/third_party/connectedhomeip/src/app/MessageDef/MessageDef.AttributeStatusIB.cpp.o
[202/363] c++ obj/third_party/connectedhomeip/src/app/MessageDef/MessageDef.AttributeStatusIBs.cpp.o
[203/363] c++ obj/third_party/connectedhomeip/src/app/interaction-model.SubscriptionResumptionSessionEstablisher.cpp.o
[204/363] c++ obj/third_party/connectedhomeip/src/app/MessageDef/MessageDef.ClusterPathIB.cpp.o
[205/363] c++ obj/third_party/connectedhomeip/src/app/MessageDef/MessageDef.CommandDataIB.cpp.o
[206/363] c++ obj/third_party/connectedhomeip/src/app/MessageDef/MessageDef.CommandPathIB.cpp.o
[207/363] c++ obj/third_party/connectedhomeip/src/app/MessageDef/MessageDef.CommandStatusIB.cpp.o
[208/363] c++ obj/third_party/connectedhomeip/src/app/interaction-model.InteractionModelEngine.cpp.o
[209/363] c++ obj/third_party/connectedhomeip/src/app/MessageDef/MessageDef.DataVersionFilterIB.cpp.o
[210/363] c++ obj/third_party/connectedhomeip/src/app/MessageDef/MessageDef.DataVersionFilterIBs.cpp.o
[211/363] c++ obj/third_party/connectedhomeip/src/app/MessageDef/MessageDef.EventDataIB.cpp.o
[212/363] c++ obj/third_party/connectedhomeip/src/app/MessageDef/MessageDef.EventFilterIB.cpp.o
[213/363] c++ obj/third_party/connectedhomeip/src/app/MessageDef/MessageDef.EventFilterIBs.cpp.o
[214/363] c++ obj/third_party/connectedhomeip/src/app/reporting/interaction-model.Engine.cpp.o
[215/363] c++ obj/third_party/connectedhomeip/src/app/MessageDef/MessageDef.EventPathIB.cpp.o
[216/363] c++ obj/third_party/connectedhomeip/src/app/MessageDef/MessageDef.EventPathIBs.cpp.o
[217/363] c++ obj/third_party/connectedhomeip/src/app/MessageDef/MessageDef.EventReportIB.cpp.o
[218/363] c++ obj/third_party/connectedhomeip/src/app/MessageDef/MessageDef.EventReportIBs.cpp.o
[219/363] c++ obj/third_party/connectedhomeip/src/app/MessageDef/MessageDef.EventStatusIB.cpp.o
[220/363] c++ obj/third_party/connectedhomeip/src/app/MessageDef/MessageDef.InvokeRequestMessage.cpp.o
[221/363] c++ obj/third_party/connectedhomeip/src/app/MessageDef/MessageDef.InvokeRequests.cpp.o
[222/363] c++ obj/third_party/connectedhomeip/src/app/interaction-model.ReadClient.cpp.o
[223/363] c++ obj/third_party/connectedhomeip/src/app/MessageDef/MessageDef.InvokeResponseIB.cpp.o
[224/363] c++ obj/third_party/connectedhomeip/src/app/MessageDef/MessageDef.ListBuilder.cpp.o
[225/363] c++ obj/third_party/connectedhomeip/src/app/MessageDef/MessageDef.InvokeResponseIBs.cpp.o
[226/363] c++ obj/third_party/connectedhomeip/src/app/MessageDef/MessageDef.InvokeResponseMessage.cpp.o
[227/363] c++ obj/third_party/connectedhomeip/src/app/MessageDef/MessageDef.ListParser.cpp.o
[228/363] c++ obj/third_party/connectedhomeip/src/app/MessageDef/MessageDef.MessageBuilder.cpp.o
[229/363] c++ obj/third_party/connectedhomeip/src/app/MessageDef/MessageDef.MessageDefHelper.cpp.o
[230/363] c++ obj/third_party/connectedhomeip/src/app/MessageDef/MessageDef.MessageParser.cpp.o
[231/363] c++ obj/third_party/connectedhomeip/src/app/MessageDef/MessageDef.Parser.cpp.o
[232/363] c++ obj/third_party/connectedhomeip/src/app/MessageDef/MessageDef.ReadRequestMessage.cpp.o
[233/363] c++ obj/third_party/connectedhomeip/src/app/MessageDef/MessageDef.StructBuilder.cpp.o
[234/363] c++ obj/third_party/connectedhomeip/src/app/MessageDef/MessageDef.StructParser.cpp.o
[235/363] c++ obj/third_party/connectedhomeip/src/app/MessageDef/MessageDef.ReportDataMessage.cpp.o
[236/363] c++ obj/third_party/connectedhomeip/src/app/MessageDef/MessageDef.StatusIB.cpp.o
[237/363] c++ obj/third_party/connectedhomeip/src/app/MessageDef/MessageDef.StatusResponseMessage.cpp.o
[238/363] c++ obj/third_party/connectedhomeip/src/app/MessageDef/MessageDef.SubscribeRequestMessage.cpp.o
[239/363] c++ obj/third_party/connectedhomeip/src/app/MessageDef/MessageDef.TimedRequestMessage.cpp.o
[240/363] c++ obj/third_party/connectedhomeip/src/app/MessageDef/MessageDef.SubscribeResponseMessage.cpp.o
[241/363] c++ obj/third_party/connectedhomeip/src/app/MessageDef/MessageDef.WriteRequestMessage.cpp.o
[242/363] c++ obj/third_party/connectedhomeip/src/app/data-model-provider/data-model-provider.ActionReturnStatus.cpp.o
[243/363] c++ obj/third_party/connectedhomeip/src/app/MessageDef/MessageDef.WriteResponseMessage.cpp.o
[244/363] c++ obj/third_party/connectedhomeip/src/app/data-model-provider/data-model-provider.EventsGenerator.cpp.o
[245/363] c++ obj/third_party/connectedhomeip/src/credentials/libCredentials.DeviceAttestationCredsProvider.cpp.o
[246/363] c++ obj/third_party/connectedhomeip/src/credentials/libCredentials.DeviceAttestationConstructor.cpp.o
[247/363] c++ obj/third_party/connectedhomeip/src/credentials/libCredentials.CHIPCertFromX509.cpp.o
[248/363] c++ obj/third_party/connectedhomeip/src/credentials/libCredentials.CHIPCertToX509.cpp.o
[249/363] c++ obj/third_party/connectedhomeip/src/credentials/libCredentials.CertificationDeclaration.cpp.o
[250/363] c++ obj/third_party/connectedhomeip/src/credentials/libCredentials.CHIPCert.cpp.o
[251/363] c++ obj/third_party/connectedhomeip/src/credentials/libCredentials.GenerateChipX509Cert.cpp.o
[252/363] c++ obj/third_party/connectedhomeip/src/app/data-model-provider/data-model-provider.ProviderMetadataTree.cpp.o
[253/363] c++ obj/third_party/connectedhomeip/src/app/data-model-provider/data-model-provider.MetadataLookup.cpp.o
[254/363] c++ obj/third_party/connectedhomeip/src/credentials/libCredentials.FabricTable.cpp.o
[255/363] c++ obj/third_party/connectedhomeip/src/credentials/examples/libCredentials.ExampleDACs.cpp.o
[256/363] c++ obj/third_party/connectedhomeip/src/credentials/attestation_verifier/libCredentials.DeviceAttestationVerifier.cpp.o
[257/363] c++ obj/third_party/connectedhomeip/src/credentials/examples/libCredentials.DeviceAttestationCredsExample.cpp.o
[258/363] c++ obj/third_party/connectedhomeip/src/credentials/examples/libCredentials.ExamplePAI.cpp.o
[259/363] c++ obj/third_party/connectedhomeip/src/credentials/libCredentials.PersistentStorageOpCertStore.cpp.o
[260/363] c++ obj/third_party/connectedhomeip/src/credentials/libCredentials.GroupDataProviderImpl.cpp.o
[261/363] c++ obj/third_party/connectedhomeip/src/credentials/attestation_verifier/libDefaultAttestationVerifier.DacOnlyPartialAttestationVerifier.cpp.o
[262/363] c++ obj/third_party/connectedhomeip/src/credentials/libCredentials.LastKnownGoodTime.cpp.o
[263/363] c++ obj/third_party/connectedhomeip/src/credentials/attestation_verifier/libDefaultAttestationVerifier.DefaultDeviceAttestationVerifier.cpp.o
[264/363] c++ obj/third_party/connectedhomeip/src/lib/dnssd/dnssd.IPAddressSorter.cpp.o
[265/363] c++ obj/third_party/connectedhomeip/src/lib/dnssd/dnssd.Advertiser.cpp.o
[266/363] c++ obj/third_party/connectedhomeip/src/lib/address_resolve/address_resolve.AddressResolve.cpp.o
[267/363] c++ obj/third_party/connectedhomeip/src/lib/dnssd/dnssd.Resolver.cpp.o
[268/363] c++ obj/third_party/connectedhomeip/src/lib/address_resolve/address_resolve.AddressResolve_DefaultImpl.cpp.o
[269/363] c++ obj/third_party/connectedhomeip/src/lib/dnssd/dnssd.ResolverProxy.cpp.o
[270/363] c++ obj/third_party/connectedhomeip/src/lib/dnssd/dnssd.TxtFields.cpp.o
[271/363] c++ obj/third_party/connectedhomeip/src/lib/dnssd/dnssd.ActiveResolveAttempts.cpp.o
[272/363] c++ obj/third_party/connectedhomeip/src/lib/dnssd/dnssd.MinimalMdnsServer.cpp.o
[273/363] c++ obj/third_party/connectedhomeip/src/lib/dnssd/dnssd.IncrementalResolve.cpp.o
[274/363] c++ obj/third_party/connectedhomeip/src/lib/shell/libCHIPShell.streamer_esp32.cpp.o
[275/363] c++ obj/third_party/connectedhomeip/src/lib/shell/commands/commands.Help.cpp.o
[276/363] c++ obj/third_party/connectedhomeip/src/lib/dnssd/dnssd.Advertiser_ImplMinimalMdns.cpp.o
[277/363] c++ obj/third_party/connectedhomeip/src/lib/dnssd/dnssd.Resolver_ImplMinimalMdns.cpp.o
[278/363] c++ obj/third_party/connectedhomeip/src/messaging/libMessagingLayer.ErrorCategory.cpp.o
[279/363] c++ obj/third_party/connectedhomeip/src/lib/shell/libCHIPShell.MainLoopESP32.cpp.o
[280/363] c++ obj/third_party/connectedhomeip/src/lib/shell/commands/commands.Meta.cpp.o
[281/363] c++ obj/third_party/connectedhomeip/src/lib/shell/commands/commands.Device.cpp.o
[282/363] c++ obj/third_party/connectedhomeip/src/lib/shell/commands/commands.Config.cpp.o
[283/363] c++ obj/third_party/connectedhomeip/src/lib/shell/commands/commands.WiFi.cpp.o
[284/363] c++ obj/third_party/connectedhomeip/src/messaging/libMessagingLayer.ApplicationExchangeDispatch.cpp.o
[285/363] c++ obj/third_party/connectedhomeip/src/lib/shell/commands/commands.OnboardingCodes.cpp.o
[286/363] c++ obj/third_party/connectedhomeip/src/lib/shell/commands/commands.Dns.cpp.o
[287/363] c++ obj/third_party/connectedhomeip/src/messaging/libMessagingLayer.ExchangeContext.cpp.o
[288/363] c++ obj/third_party/connectedhomeip/src/messaging/libMessagingLayer.ExchangeMessageDispatch.cpp.o
[289/363] c++ obj/third_party/connectedhomeip/src/messaging/libMessagingLayer.ExchangeMgr.cpp.o
[290/363] c++ obj/third_party/connectedhomeip/src/messaging/libMessagingLayer.ReliableMessageContext.cpp.o
[291/363] c++ obj/third_party/connectedhomeip/src/protocols/libChipProtocols.Protocols.cpp.o
[292/363] c++ obj/third_party/connectedhomeip/src/protocols/echo/libChipProtocols.EchoClient.cpp.o
[293/363] c++ obj/third_party/connectedhomeip/src/protocols/bdx/libBdx.BdxMessages.cpp.o
[294/363] c++ obj/third_party/connectedhomeip/src/protocols/echo/libChipProtocols.EchoServer.cpp.o
[295/363] c++ obj/third_party/connectedhomeip/src/protocols/secure_channel/libChipProtocols.MessageCounterManager.cpp.o
[296/363] c++ obj/third_party/connectedhomeip/src/messaging/libMessagingLayer.ReliableMessageProtocolConfig.cpp.o
[297/363] c++ obj/third_party/connectedhomeip/src/messaging/libMessagingLayer.ReliableMessageMgr.cpp.o
[298/363] c++ obj/third_party/connectedhomeip/src/protocols/user_directed_commissioning/libChipProtocols.UserDirectedCommissioningClient.cpp.o
[299/363] c++ obj/third_party/connectedhomeip/src/protocols/bdx/libBdx.StatusCode.cpp.o
[300/363] c++ obj/third_party/connectedhomeip/src/protocols/user_directed_commissioning/libChipProtocols.UserDirectedCommissioningServer.cpp.o
[301/363] c++ obj/third_party/connectedhomeip/src/protocols/bdx/libBdx.AsyncTransferFacilitator.cpp.o
[302/363] c++ obj/third_party/connectedhomeip/src/protocols/bdx/libBdx.BdxUri.cpp.o
[303/363] c++ obj/third_party/connectedhomeip/src/protocols/bdx/libBdx.BdxTransferProxyDiagnosticLog.cpp.o
[304/363] c++ obj/third_party/connectedhomeip/src/protocols/bdx/libBdx.BdxTransferDiagnosticLog.cpp.o
[305/363] c++ obj/third_party/connectedhomeip/src/protocols/bdx/libBdx.BdxTransferServer.cpp.o
[306/363] c++ obj/third_party/connectedhomeip/src/protocols/secure_channel/libSecureChannel.DefaultSessionResumptionStorage.cpp.o
[307/363] c++ obj/third_party/connectedhomeip/src/protocols/bdx/libBdx.BdxTransferSession.cpp.o
[308/363] ar libSystemLayer.a
[309/363] ar libInetLayer.a
[310/363] c++ obj/third_party/connectedhomeip/src/protocols/secure_channel/libSecureChannel.CASEDestinationId.cpp.o
[311/363] ar default_policy.a
[312/363] ar libChipCore.a
[313/363] ar libSecureChannelTypes.a
[314/363] ar libInteractionModel.a
[315/363] ar libASN1.a
[316/363] ar libChipCrypto.a
[317/363] ar libSetupPayload.a
[318/363] c++ obj/third_party/connectedhomeip/src/protocols/secure_channel/libSecureChannel.SimpleSessionResumptionStorage.cpp.o
[319/363] ar libClusterObjects.a
[320/363] ar ESP32.a
[321/363] ar libDeviceLayer.a
[322/363] ar libaccess.a
[323/363] ar core.a
[324/363] ar records.a
[325/363] ar responders.a
[326/363] c++ obj/third_party/connectedhomeip/src/protocols/secure_channel/libSecureChannel.CASEServer.cpp.o
[327/363] ar minimal_mdns.a
[328/363] c++ obj/third_party/connectedhomeip/src/protocols/secure_channel/libSecureChannel.SessionEstablishmentExchangeDispatch.cpp.o
[329/363] c++ obj/third_party/connectedhomeip/src/protocols/secure_channel/libSecureChannel.PairingSession.cpp.o
[330/363] c++ obj/third_party/connectedhomeip/src/protocols/secure_channel/libSecureChannel.PASESession.cpp.o
[331/363] c++ obj/third_party/connectedhomeip/src/protocols/bdx/libBdx.TransferFacilitator.cpp.o
[332/363] c++ obj/third_party/connectedhomeip/src/tracing/tracing.registry.cpp.o
[333/363] ar tracing.a
[334/363] c++ obj/third_party/connectedhomeip/src/lib/shell/commands/commands.Stat.cpp.o
[335/363] ar dnssd.a
[336/363] ar libCredentials.a
[337/363] ar libDefaultAttestationVerifier.a
[338/363] c++ obj/third_party/connectedhomeip/src/transport/libTransportLayer.CryptoContext.cpp.o
[339/363] c++ obj/third_party/connectedhomeip/src/protocols/secure_channel/libSecureChannel.UnsolicitedStatusHandler.cpp.o
[340/363] c++ obj/third_party/connectedhomeip/src/protocols/secure_channel/libSecureChannel.CASESession.cpp.o
[341/363] c++ obj/third_party/connectedhomeip/src/transport/libTransportLayer.GroupPeerMessageCounter.cpp.o
[342/363] c++ obj/third_party/connectedhomeip/src/transport/raw/libRawTransport.MessageHeader.cpp.o
[343/363] c++ obj/third_party/connectedhomeip/src/transport/libTransportLayer.TransportMgrBase.cpp.o
[344/363] c++ obj/third_party/connectedhomeip/src/transport/libTransportLayer.SecureMessageCodec.cpp.o
[345/363] c++ obj/third_party/connectedhomeip/src/transport/raw/libRawTransport.PeerAddress.cpp.o
[346/363] c++ obj/third_party/connectedhomeip/src/transport/libTransportLayer.SecureSessionTable.cpp.o
[347/363] c++ obj/third_party/connectedhomeip/src/transport/libTransportLayer.SecureSession.cpp.o
[348/363] c++ obj/third_party/connectedhomeip/src/transport/libTransportLayer.Session.cpp.o
[349/363] c++ obj/third_party/connectedhomeip/src/transport/libTransportLayer.SessionHolder.cpp.o
[350/363] c++ obj/third_party/connectedhomeip/src/transport/raw/libRawTransport.UDP.cpp.o
[351/363] ar libRawTransport.a
[352/363] c++ obj/third_party/connectedhomeip/src/transport/libTransportLayer.SessionManager.cpp.o
[353/363] ar libTransportLayer.a
[354/363] ar libMessagingLayer.a
[355/363] ar address_resolve.a
[356/363] ar libCHIPShell.a
[357/363] ar libSecureChannel.a
[358/363] ar attribute-access.a
[359/363] ar libBdx.a
[360/363] ar libChipProtocols.a
[361/363] ar interaction-model.a
[362/363] ar libCHIPDataModel.a
[363/363] ar libCHIP.a
[1409/1655] No install step for 'chip_gn'
[1410/1655] Completed 'chip_gn'
[1411/1655] Building CXX object esp-idf/chip/CMakeFiles/__idf_chip.dir/chip.cpp.obj
[1412/1655] Building C object esp-idf/chip/CMakeFiles/__idf_chip.dir/chip.c.obj
[1413/1655] Linking C static library esp-idf/chip/libchip.a
[1414/1655] Building CXX object esp-idf/esp_matter_console/CMakeFiles/__idf_esp_matter_console.dir/esp_matter_console_diagnostics.cpp.obj
[1415/1655] Building CXX object esp-idf/esp_matter_console/CMakeFiles/__idf_esp_matter_console.dir/esp_matter_console_wifi.cpp.obj
[1416/1655] Building CXX object esp-idf/esp_matter_console/CMakeFiles/__idf_esp_matter_console.dir/esp_matter_console.cpp.obj
[1417/1655] Building CXX object esp-idf/esp_matter_console/CMakeFiles/__idf_esp_matter_console.dir/esp_matter_console_otcli.cpp.obj
[1418/1655] Building CXX object esp-idf/esp_matter/CMakeFiles/__idf_esp_matter.dir/utils/esp_matter_mem.cpp.obj
[1419/1655] Building CXX object esp-idf/esp_matter_console/CMakeFiles/__idf_esp_matter_console.dir/esp_matter_console_udc.cpp.obj
[1420/1655] Building CXX object esp-idf/esp_matter/CMakeFiles/__idf_esp_matter.dir/utils/json_to_tlv.cpp.obj
[1421/1655] Building CXX object esp-idf/esp_matter/CMakeFiles/__idf_esp_matter.dir/esp_matter_providers.cpp.obj
[1422/1655] Building CXX object esp-idf/esp_matter/CMakeFiles/__idf_esp_matter.dir/weak_functions.cpp.obj
[1423/1655] Building CXX object esp-idf/esp_matter/CMakeFiles/__idf_esp_matter.dir/esp_matter_test_event_trigger.cpp.obj
[1424/1655] Building CXX object esp-idf/esp_matter/CMakeFiles/__idf_esp_matter.dir/workspace/esp-matter/connectedhomeip/connectedhomeip/src/app/server/AclStorage.cpp.obj
[1425/1655] Building CXX object esp-idf/esp_matter/CMakeFiles/__idf_esp_matter.dir/esp_matter_icd_configuration.cpp.obj
[1426/1655] Building CXX object esp-idf/esp_matter/CMakeFiles/__idf_esp_matter.dir/esp_matter_core.cpp.obj
[1427/1655] Building CXX object esp-idf/esp_matter_console/CMakeFiles/__idf_esp_matter_console.dir/esp_matter_console_factory_reset.cpp.obj
[1428/1655] Building CXX object esp-idf/esp_matter/CMakeFiles/__idf_esp_matter.dir/esp_matter_identify.cpp.obj
[1429/1655] Building CXX object esp-idf/esp_matter/CMakeFiles/__idf_esp_matter.dir/esp_matter_client.cpp.obj
[1430/1655] Building CXX object esp-idf/esp_matter_console/CMakeFiles/__idf_esp_matter_console.dir/esp_matter_console_attribute.cpp.obj
[1431/1655] Building CXX object esp-idf/esp_matter/CMakeFiles/__idf_esp_matter.dir/esp_matter_ota.cpp.obj
[1432/1655] Building CXX object esp-idf/esp_matter/CMakeFiles/__idf_esp_matter.dir/workspace/esp-matter/connectedhomeip/connectedhomeip/src/app/server/DefaultTermsAndConditionsProvider.cpp.obj
[1433/1655] Building CXX object esp-idf/esp_matter/CMakeFiles/__idf_esp_matter.dir/workspace/esp-matter/connectedhomeip/connectedhomeip/src/app/server/TermsAndConditionsManager.cpp.obj
[1434/1655] Building CXX object esp-idf/esp_matter/CMakeFiles/__idf_esp_matter.dir/workspace/esp-matter/connectedhomeip/connectedhomeip/src/app/server/EchoHandler.cpp.obj
[1435/1655] Building CXX object esp-idf/esp_matter/CMakeFiles/__idf_esp_matter.dir/workspace/esp-matter/connectedhomeip/connectedhomeip/zzz_generated/app-common/app-common/zap-generated/attributes/Accessors.cpp.obj
[1436/1655] Building CXX object esp-idf/esp_matter/CMakeFiles/__idf_esp_matter.dir/workspace/esp-matter/connectedhomeip/connectedhomeip/src/app/server/Dnssd.cpp.obj
[1437/1655] Building CXX object esp-idf/esp_matter/CMakeFiles/__idf_esp_matter.dir/workspace/esp-matter/connectedhomeip/connectedhomeip/src/app/persistence/AttributePersistenceProviderInstance.cpp.obj
[1438/1655] Building CXX object esp-idf/esp_matter/CMakeFiles/__idf_esp_matter.dir/workspace/esp-matter/connectedhomeip/connectedhomeip/src/app/persistence/DefaultAttributePersistenceProvider.cpp.obj
[1439/1655] Building CXX object esp-idf/esp_matter/CMakeFiles/__idf_esp_matter.dir/workspace/esp-matter/connectedhomeip/connectedhomeip/src/app/persistence/AttributePersistence.cpp.obj
[1440/1655] Building CXX object esp-idf/esp_matter/CMakeFiles/__idf_esp_matter.dir/workspace/esp-matter/connectedhomeip/connectedhomeip/src/app/persistence/String.cpp.obj
[1441/1655] Building CXX object esp-idf/esp_matter/CMakeFiles/__idf_esp_matter.dir/workspace/esp-matter/connectedhomeip/connectedhomeip/src/app/persistence/DeferredAttributePersistenceProvider.cpp.obj
[1442/1655] Building CXX object esp-idf/esp_matter/CMakeFiles/__idf_esp_matter.dir/workspace/esp-matter/connectedhomeip/connectedhomeip/src/app/server/DefaultAclStorage.cpp.obj
[1443/1655] Building CXX object esp-idf/esp_matter/CMakeFiles/__idf_esp_matter.dir/workspace/esp-matter/connectedhomeip/connectedhomeip/src/app/reporting/ReportSchedulerImpl.cpp.obj
[1444/1655] Building CXX object esp-idf/esp_matter/CMakeFiles/__idf_esp_matter.dir/workspace/esp-matter/connectedhomeip/connectedhomeip/src/app/reporting/SynchronizedReportSchedulerImpl.cpp.obj
[1445/1655] Building CXX object esp-idf/esp_matter/CMakeFiles/__idf_esp_matter.dir/workspace/esp-matter/connectedhomeip/connectedhomeip/src/app/reporting/reporting.cpp.obj
[1446/1655] Building CXX object esp-idf/esp_matter/CMakeFiles/__idf_esp_matter.dir/workspace/esp-matter/connectedhomeip/connectedhomeip/src/app/server/JointFabricAdministrator.cpp.obj
[1447/1655] Building CXX object esp-idf/esp_matter/CMakeFiles/__idf_esp_matter.dir/workspace/esp-matter/connectedhomeip/connectedhomeip/src/app/server-cluster/AttributeListBuilder.cpp.obj
[1448/1655] Building CXX object esp-idf/esp_matter/CMakeFiles/__idf_esp_matter.dir/workspace/esp-matter/connectedhomeip/connectedhomeip/src/app/server/CommissioningWindowManager.cpp.obj
[1449/1655] Building CXX object esp-idf/esp_matter/CMakeFiles/__idf_esp_matter.dir/workspace/esp-matter/connectedhomeip/connectedhomeip/src/app/server-cluster/DefaultServerCluster.cpp.obj
[1450/1655] Building CXX object esp-idf/esp_matter/CMakeFiles/__idf_esp_matter.dir/workspace/esp-matter/connectedhomeip/connectedhomeip/src/app/server/JointFabricDatastore.cpp.obj
[1451/1655] Building CXX object esp-idf/esp_matter/CMakeFiles/__idf_esp_matter.dir/workspace/esp-matter/connectedhomeip/connectedhomeip/src/app/server-cluster/ServerClusterInterfaceRegistry.cpp.obj
[1452/1655] Building CXX object esp-idf/esp_matter/CMakeFiles/__idf_esp_matter.dir/workspace/esp-matter/connectedhomeip/connectedhomeip/src/app/server-cluster/ServerClusterInterface.cpp.obj
[1453/1655] Building CXX object esp-idf/esp_matter/CMakeFiles/__idf_esp_matter.dir/workspace/esp-matter/connectedhomeip/connectedhomeip/src/app/server-cluster/SingleEndpointServerClusterRegistry.cpp.obj
[1454/1655] Building CXX object esp-idf/esp_matter/CMakeFiles/__idf_esp_matter.dir/workspace/esp-matter/connectedhomeip/connectedhomeip/src/app/reporting/Engine.cpp.obj
[1455/1655] Building CXX object esp-idf/esp_matter/CMakeFiles/__idf_esp_matter.dir/workspace/esp-matter/connectedhomeip/connectedhomeip/src/app/server/Server.cpp.obj
[1456/1655] Building CXX object esp-idf/esp_matter/CMakeFiles/__idf_esp_matter.dir/workspace/esp-matter/connectedhomeip/connectedhomeip/src/app/clusters/access-control-server/ArlEncoder.cpp.obj
[1457/1655] Building CXX object esp-idf/esp_matter/CMakeFiles/__idf_esp_matter.dir/workspace/esp-matter/connectedhomeip/connectedhomeip/src/app/clusters/account-login-server/account-login-server.cpp.obj
[1458/1655] Building CXX object esp-idf/esp_matter/CMakeFiles/__idf_esp_matter.dir/workspace/esp-matter/connectedhomeip/connectedhomeip/src/app/clusters/access-control-server/access-control-cluster.cpp.obj
[1459/1655] Building CXX object esp-idf/esp_matter/CMakeFiles/__idf_esp_matter.dir/workspace/esp-matter/connectedhomeip/connectedhomeip/src/app/clusters/actions-server/actions-server.cpp.obj
[1460/1655] Building CXX object esp-idf/esp_matter/CMakeFiles/__idf_esp_matter.dir/workspace/esp-matter/connectedhomeip/connectedhomeip/src/app/clusters/resource-monitoring-server/resource-monitoring-cluster-objects.cpp.obj
[1461/1655] Building CXX object esp-idf/esp_matter/CMakeFiles/__idf_esp_matter.dir/workspace/esp-matter/connectedhomeip/connectedhomeip/src/app/clusters/air-quality-server/air-quality-server.cpp.obj
[1462/1655] Building CXX object esp-idf/esp_matter/CMakeFiles/__idf_esp_matter.dir/workspace/esp-matter/connectedhomeip/connectedhomeip/src/app/clusters/application-basic-server/application-basic-server.cpp.obj
[1463/1655] Building CXX object esp-idf/esp_matter/CMakeFiles/__idf_esp_matter.dir/workspace/esp-matter/connectedhomeip/connectedhomeip/src/app/clusters/bindings/PendingNotificationMap.cpp.obj
[1464/1655] Building CXX object esp-idf/esp_matter/CMakeFiles/__idf_esp_matter.dir/workspace/esp-matter/connectedhomeip/connectedhomeip/src/app/clusters/bindings/binding-table.cpp.obj
[1465/1655] Building CXX object esp-idf/esp_matter/CMakeFiles/__idf_esp_matter.dir/workspace/esp-matter/connectedhomeip/connectedhomeip/src/app/clusters/resource-monitoring-server/resource-monitoring-server.cpp.obj
[1466/1655] Building CXX object esp-idf/esp_matter/CMakeFiles/__idf_esp_matter.dir/workspace/esp-matter/connectedhomeip/connectedhomeip/src/app/clusters/basic-information/BasicInformationCluster.cpp.obj
[1467/1655] Building CXX object esp-idf/esp_matter/CMakeFiles/__idf_esp_matter.dir/workspace/esp-matter/connectedhomeip/connectedhomeip/src/app/clusters/application-launcher-server/application-launcher-server.cpp.obj
[1468/1655] Building CXX object esp-idf/esp_matter/CMakeFiles/__idf_esp_matter.dir/workspace/esp-matter/connectedhomeip/connectedhomeip/src/app/clusters/audio-output-server/audio-output-server.cpp.obj
[1469/1655] Building CXX object esp-idf/esp_matter/CMakeFiles/__idf_esp_matter.dir/workspace/esp-matter/connectedhomeip/connectedhomeip/src/app/clusters/administrator-commissioning-server/AdministratorCommissioningLogic.cpp.obj
[1470/1655] Building CXX object esp-idf/esp_matter/CMakeFiles/__idf_esp_matter.dir/workspace/esp-matter/connectedhomeip/connectedhomeip/src/app/clusters/administrator-commissioning-server/AdministratorCommissioningCluster.cpp.obj
[1471/1655] Building CXX object esp-idf/esp_matter/CMakeFiles/__idf_esp_matter.dir/workspace/esp-matter/connectedhomeip/connectedhomeip/src/app/clusters/bindings/BindingManager.cpp.obj
[1472/1655] Building CXX object esp-idf/esp_matter/CMakeFiles/__idf_esp_matter.dir/workspace/esp-matter/connectedhomeip/connectedhomeip/src/app/clusters/boolean-state-configuration-server/BooleanStateConfigurationTestEventTriggerHandler.cpp.obj
[1473/1655] Building CXX object esp-idf/esp_matter/CMakeFiles/__idf_esp_matter.dir/workspace/esp-matter/connectedhomeip/connectedhomeip/src/app/clusters/bindings/binding-cluster.cpp.obj
[1474/1655] Building CXX object esp-idf/esp_matter/CMakeFiles/__idf_esp_matter.dir/workspace/esp-matter/connectedhomeip/connectedhomeip/src/app/clusters/boolean-state-server/boolean-state-cluster.cpp.obj
[1475/1655] Building CXX object esp-idf/esp_matter/CMakeFiles/__idf_esp_matter.dir/workspace/esp-matter/connectedhomeip/connectedhomeip/src/app/clusters/boolean-state-configuration-server/boolean-state-configuration-cluster.cpp.obj
[1476/1655] Building CXX object esp-idf/esp_matter/CMakeFiles/__idf_esp_matter.dir/workspace/esp-matter/connectedhomeip/connectedhomeip/src/app/clusters/bridged-device-basic-information-server/bridged-device-basic-information-server.cpp.obj
[1477/1655] Building CXX object esp-idf/esp_matter/CMakeFiles/__idf_esp_matter.dir/workspace/esp-matter/connectedhomeip/connectedhomeip/src/app/clusters/chime-server/chime-server.cpp.obj
[1478/1655] Building CXX object esp-idf/esp_matter/CMakeFiles/__idf_esp_matter.dir/workspace/esp-matter/connectedhomeip/connectedhomeip/src/app/clusters/channel-server/channel-server.cpp.obj
[1479/1655] Building CXX object esp-idf/esp_matter/CMakeFiles/__idf_esp_matter.dir/workspace/esp-matter/connectedhomeip/connectedhomeip/src/app/clusters/closure-dimension-server/closure-dimension-cluster-logic.cpp.obj
[1480/1655] Building CXX object esp-idf/esp_matter/CMakeFiles/__idf_esp_matter.dir/workspace/esp-matter/connectedhomeip/connectedhomeip/src/app/clusters/camera-av-settings-user-level-management-server/camera-av-settings-user-level-management-server.cpp.obj
/workspace/esp-matter/connectedhomeip/connectedhomeip/src/app/clusters/camera-av-settings-user-level-management-server/camera-av-settings-user-level-management-server.cpp: In member function 'void chip::app::Clusters::CameraAvSettingsUserLevelManagement::CameraAvSettingsUserLevelMgmtServer::HandleMPTZSetPosition(chip::app::CommandHandlerInterface::HandlerContext&, const chip::app::Clusters::CameraAvSettingsUserLevelManagement::Commands::MPTZSetPosition::DecodableType&)':
/workspace/esp-matter/connectedhomeip/connectedhomeip/src/app/clusters/camera-av-settings-user-level-management-server/camera-av-settings-user-level-management-server.cpp:836:9: warning: '*(unsigned char*)((char*)&zoom + offsetof(chip::Optional<unsigned char>,chip::Optional<unsigned char>::mValueHolder.chip::Optional<unsigned char>::ValueHolder::<unnamed>.chip::Optional<unsigned char>::TrivialDestructor::mValue))' may be used uninitialized [-Wmaybe-uninitialized]
  836 |         if ((zoomValue > mZoomMax) || (zoomValue < kMinZoomValue))
      |         ^~
/workspace/esp-matter/connectedhomeip/connectedhomeip/src/app/clusters/camera-av-settings-user-level-management-server/camera-av-settings-user-level-management-server.cpp:784:23: note: '*(unsigned char*)((char*)&zoom + offsetof(chip::Optional<unsigned char>,chip::Optional<unsigned char>::mValueHolder.chip::Optional<unsigned char>::ValueHolder::<unnamed>.chip::Optional<unsigned char>::TrivialDestructor::mValue))' was declared here
  784 |     Optional<uint8_t> zoom = commandData.zoom;
      |                       ^~~~
/workspace/esp-matter/connectedhomeip/connectedhomeip/src/app/clusters/camera-av-settings-user-level-management-server/camera-av-settings-user-level-management-server.cpp: In member function 'void chip::app::Clusters::CameraAvSettingsUserLevelManagement::CameraAvSettingsUserLevelMgmtServer::HandleMPTZRelativeMove(chip::app::CommandHandlerInterface::HandlerContext&, const chip::app::Clusters::CameraAvSettingsUserLevelManagement::Commands::MPTZRelativeMove::DecodableType&)':
/workspace/esp-matter/connectedhomeip/connectedhomeip/src/app/clusters/camera-av-settings-user-level-management-server/camera-av-settings-user-level-management-server.cpp:992:13: warning: '*(signed char*)((char*)&zoomDelta + offsetof(chip::Optional<signed char>,chip::Optional<signed char>::mValueHolder.chip::Optional<signed char>::ValueHolder::<unnamed>.chip::Optional<signed char>::TrivialDestructor::mValue))' may be used uninitialized [-Wmaybe-uninitialized]
  992 |         if (zoomDeltaValue > (mZoomMax - 1) || zoomDeltaValue < -(mZoomMax - 1))
      |             ^~~~~~~~~~~~~~
/workspace/esp-matter/connectedhomeip/connectedhomeip/src/app/clusters/camera-av-settings-user-level-management-server/camera-av-settings-user-level-management-server.cpp:899:22: note: '*(signed char*)((char*)&zoomDelta + offsetof(chip::Optional<signed char>,chip::Optional<signed char>::mValueHolder.chip::Optional<signed char>::ValueHolder::<unnamed>.chip::Optional<signed char>::TrivialDestructor::mValue))' was declared here
  899 |     Optional<int8_t> zoomDelta  = commandData.zoomDelta;
      |                      ^~~~~~~~~
In file included from /workspace/esp-matter/connectedhomeip/connectedhomeip/src/lib/core/TLVReader.h:36,
                 from /workspace/esp-matter/connectedhomeip/connectedhomeip/src/lib/core/TLVBackingStore.h:32,
                 from /workspace/esp-matter/connectedhomeip/connectedhomeip/src/lib/core/TLV.h:32,
                 from /workspace/esp-matter/connectedhomeip/connectedhomeip/src/app/MessageDef/Builder.h:28,
                 from /workspace/esp-matter/connectedhomeip/connectedhomeip/src/app/MessageDef/ArrayBuilder.h:20,
                 from /workspace/esp-matter/connectedhomeip/connectedhomeip/src/app/MessageDef/AttributeReportIBs.h:26,
                 from /workspace/esp-matter/connectedhomeip/connectedhomeip/src/app/AttributeReportBuilder.h:19,
                 from /workspace/esp-matter/connectedhomeip/connectedhomeip/src/app/AttributeAccessInterface.h:21,
                 from /workspace/esp-matter/connectedhomeip/connectedhomeip/src/app/AttributeAccessInterfaceRegistry.h:18,
                 from /workspace/esp-matter/connectedhomeip/connectedhomeip/src/app/clusters/camera-av-settings-user-level-management-server/camera-av-settings-user-level-management-server.cpp:19:
In copy constructor 'constexpr chip::Optional<T>::Optional(const chip::Optional<T>&) [with T = signed char]',
    inlined from 'constexpr chip::Optional<T>::Optional(const chip::Optional<T>&) [with T = signed char]' at /workspace/esp-matter/connectedhomeip/connectedhomeip/src/lib/core/Optional.h:74:5,
    inlined from 'void chip::app::Clusters::CameraAvSettingsUserLevelManagement::CameraAvSettingsUserLevelMgmtServer::HandleDPTZRelativeMove(chip::app::CommandHandlerInterface::HandlerContext&, const chip::app::Clusters::CameraAvSettingsUserLevelManagement::Commands::DPTZRelativeMove::DecodableType&)' at /workspace/esp-matter/connectedhomeip/connectedhomeip/src/app/clusters/camera-av-settings-user-level-management-server/camera-av-settings-user-level-management-server.cpp:1348:47:
/workspace/esp-matter/connectedhomeip/connectedhomeip/src/lib/core/Optional.h:72:13: warning: '*(signed char*)((char*)&zoomDelta + offsetof(chip::Optional<signed char>,chip::Optional<signed char>::mValueHolder.chip::Optional<signed char>::ValueHolder::<unnamed>.chip::Optional<signed char>::TrivialDestructor::mValue))' may be used uninitialized [-Wmaybe-uninitialized]
   72 |             new (&mValueHolder.mValue.mData) T(other.mValueHolder.mValue.mData);
      |             ^~~~~~~~~~~~~~~~~~~~~~~~~~~~~~~~~~~~~~~~~~~~~~~~~~~~~~~~~~~~~~~~~~~
/workspace/esp-matter/connectedhomeip/connectedhomeip/src/app/clusters/camera-av-settings-user-level-management-server/camera-av-settings-user-level-management-server.cpp: In member function 'void chip::app::Clusters::CameraAvSettingsUserLevelManagement::CameraAvSettingsUserLevelMgmtServer::HandleDPTZRelativeMove(chip::app::CommandHandlerInterface::HandlerContext&, const chip::app::Clusters::CameraAvSettingsUserLevelManagement::Commands::DPTZRelativeMove::DecodableType&)':
/workspace/esp-matter/connectedhomeip/connectedhomeip/src/app/clusters/camera-av-settings-user-level-management-server/camera-av-settings-user-level-management-server.cpp:1319:22: note: '*(signed char*)((char*)&zoomDelta + offsetof(chip::Optional<signed char>,chip::Optional<signed char>::mValueHolder.chip::Optional<signed char>::ValueHolder::<unnamed>.chip::Optional<signed char>::TrivialDestructor::mValue))' was declared here
 1319 |     Optional<int8_t> zoomDelta = commandData.zoomDelta;
      |                      ^~~~~~~~~
[1481/1655] Building CXX object esp-idf/esp_matter/CMakeFiles/__idf_esp_matter.dir/workspace/esp-matter/connectedhomeip/connectedhomeip/src/app/clusters/closure-control-server/closure-control-cluster-logic.cpp.obj
[1482/1655] Building CXX object esp-idf/esp_matter/CMakeFiles/__idf_esp_matter.dir/workspace/esp-matter/connectedhomeip/connectedhomeip/src/app/clusters/camera-av-stream-management-server/camera-av-stream-management-server.cpp.obj
[1483/1655] Building CXX object esp-idf/esp_matter/CMakeFiles/__idf_esp_matter.dir/workspace/esp-matter/connectedhomeip/connectedhomeip/src/app/clusters/descriptor/descriptor-cluster.cpp.obj
[1484/1655] Building CXX object esp-idf/esp_matter/CMakeFiles/__idf_esp_matter.dir/workspace/esp-matter/connectedhomeip/connectedhomeip/src/app/clusters/closure-dimension-server/closure-dimension-matter-context.cpp.obj
[1485/1655] Building CXX object esp-idf/esp_matter/CMakeFiles/__idf_esp_matter.dir/workspace/esp-matter/connectedhomeip/connectedhomeip/src/app/clusters/diagnostic-logs-server/BDXDiagnosticLogsProvider.cpp.obj
[1486/1655] Building CXX object esp-idf/esp_matter/CMakeFiles/__idf_esp_matter.dir/workspace/esp-matter/connectedhomeip/connectedhomeip/src/app/clusters/closure-dimension-server/closure-dimension-server.cpp.obj
[1487/1655] Building CXX object esp-idf/esp_matter/CMakeFiles/__idf_esp_matter.dir/workspace/esp-matter/connectedhomeip/connectedhomeip/src/app/clusters/commissioner-control-server/commissioner-control-server.cpp.obj
[1488/1655] Building CXX object esp-idf/esp_matter/CMakeFiles/__idf_esp_matter.dir/workspace/esp-matter/connectedhomeip/connectedhomeip/src/app/clusters/content-control-server/content-control-server.cpp.obj
[1489/1655] Building CXX object esp-idf/esp_matter/CMakeFiles/__idf_esp_matter.dir/workspace/esp-matter/connectedhomeip/connectedhomeip/src/app/clusters/commodity-metering-server/commodity-metering-server.cpp.obj
[1490/1655] Building CXX object esp-idf/esp_matter/CMakeFiles/__idf_esp_matter.dir/workspace/esp-matter/connectedhomeip/connectedhomeip/src/app/clusters/color-control-server/color-control-server.cpp.obj
/workspace/esp-matter/connectedhomeip/connectedhomeip/src/app/clusters/color-control-server/color-control-server.cpp: In member function 'chip::Protocols::InteractionModel::Status ColorControlServer::moveToHueCommand(chip::EndpointId, uint16_t, DirectionEnum, uint16_t, chip::BitMask<chip::app::Clusters::ColorControl::OptionsBitmap>, chip::BitMask<chip::app::Clusters::ColorControl::OptionsBitmap>, bool)':
/workspace/esp-matter/connectedhomeip/connectedhomeip/src/app/clusters/color-control-server/color-control-server.cpp:1606:58: warning: 'direction' may be used uninitialized [-Wmaybe-uninitialized]
 1606 |     colorHueTransitionState->up             = (direction == DirectionEnum::kUp);
      |                                               ~~~~~~~~~~~^~~~~~~~~~~~~~~~~~~~~~
/workspace/esp-matter/connectedhomeip/connectedhomeip/src/app/clusters/color-control-server/color-control-server.cpp:1529:19: note: 'direction' was declared here
 1529 |     DirectionEnum direction;
      |                   ^~~~~~~~~
[1491/1655] Building CXX object esp-idf/esp_matter/CMakeFiles/__idf_esp_matter.dir/workspace/esp-matter/connectedhomeip/connectedhomeip/src/app/clusters/content-launch-server/content-launch-server.cpp.obj
[1492/1655] Building CXX object esp-idf/esp_matter/CMakeFiles/__idf_esp_matter.dir/workspace/esp-matter/connectedhomeip/connectedhomeip/src/app/clusters/content-app-observer/content-app-observer.cpp.obj
[1493/1655] Building CXX object esp-idf/esp_matter/CMakeFiles/__idf_esp_matter.dir/workspace/esp-matter/connectedhomeip/connectedhomeip/src/app/clusters/commodity-price-server/commodity-price-server.cpp.obj
[1494/1655] Building CXX object esp-idf/esp_matter/CMakeFiles/__idf_esp_matter.dir/workspace/esp-matter/connectedhomeip/connectedhomeip/src/app/clusters/mode-base-server/mode-base-cluster-objects.cpp.obj
[1495/1655] Building CXX object esp-idf/esp_matter/CMakeFiles/__idf_esp_matter.dir/workspace/esp-matter/connectedhomeip/connectedhomeip/src/app/clusters/device-energy-management-server/device-energy-management-server.cpp.obj
[1496/1655] Building CXX object esp-idf/esp_matter/CMakeFiles/__idf_esp_matter.dir/workspace/esp-matter/connectedhomeip/connectedhomeip/src/app/clusters/mode-base-server/mode-base-server.cpp.obj
[1497/1655] Building CXX object esp-idf/esp_matter/CMakeFiles/__idf_esp_matter.dir/workspace/esp-matter/connectedhomeip/connectedhomeip/src/app/clusters/diagnostic-logs-server/DiagnosticLogsCluster.cpp.obj
[1498/1655] Building CXX object esp-idf/esp_matter/CMakeFiles/__idf_esp_matter.dir/workspace/esp-matter/connectedhomeip/connectedhomeip/src/app/clusters/dishwasher-alarm-server/dishwasher-alarm-server.cpp.obj
[1499/1655] Building CXX object esp-idf/esp_matter/CMakeFiles/__idf_esp_matter.dir/workspace/esp-matter/connectedhomeip/connectedhomeip/src/app/clusters/ecosystem-information-server/ecosystem-information-server.cpp.obj
[1500/1655] Building CXX object esp-idf/esp_matter/CMakeFiles/__idf_esp_matter.dir/workspace/esp-matter/connectedhomeip/connectedhomeip/src/app/clusters/meter-identification-server/meter-identification-server.cpp.obj
[1501/1655] Building CXX object esp-idf/esp_matter/CMakeFiles/__idf_esp_matter.dir/workspace/esp-matter/connectedhomeip/connectedhomeip/src/app/clusters/electrical-energy-measurement-server/ElectricalEnergyMeasurementCluster.cpp.obj
[1502/1655] Building CXX object esp-idf/esp_matter/CMakeFiles/__idf_esp_matter.dir/workspace/esp-matter/connectedhomeip/connectedhomeip/src/app/clusters/electrical-grid-conditions-server/electrical-grid-conditions-server.cpp.obj
[1503/1655] Building CXX object esp-idf/esp_matter/CMakeFiles/__idf_esp_matter.dir/workspace/esp-matter/connectedhomeip/connectedhomeip/src/app/clusters/electrical-power-measurement-server/electrical-power-measurement-server.cpp.obj
[1504/1655] Building CXX object esp-idf/esp_matter/CMakeFiles/__idf_esp_matter.dir/workspace/esp-matter/connectedhomeip/connectedhomeip/src/app/clusters/door-lock-server/door-lock-server-callback.cpp.obj
[1505/1655] Building CXX object esp-idf/esp_matter/CMakeFiles/__idf_esp_matter.dir/workspace/esp-matter/connectedhomeip/connectedhomeip/src/app/clusters/door-lock-server/door-lock-server.cpp.obj
[1506/1655] Building CXX object esp-idf/esp_matter/CMakeFiles/__idf_esp_matter.dir/workspace/esp-matter/connectedhomeip/connectedhomeip/src/app/clusters/ethernet-network-diagnostics-server/ethernet-diagnostics-cluster.cpp.obj
[1507/1655] Building CXX object esp-idf/esp_matter/CMakeFiles/__idf_esp_matter.dir/workspace/esp-matter/connectedhomeip/connectedhomeip/src/app/clusters/energy-evse-server/energy-evse-server.cpp.obj
[1508/1655] Building CXX object esp-idf/esp_matter/CMakeFiles/__idf_esp_matter.dir/workspace/esp-matter/connectedhomeip/connectedhomeip/src/app/clusters/fan-control-server/fan-control-server.cpp.obj
[1509/1655] Building CXX object esp-idf/esp_matter/CMakeFiles/__idf_esp_matter.dir/workspace/esp-matter/connectedhomeip/connectedhomeip/src/app/clusters/energy-preference-server/energy-preference-server.cpp.obj
[1510/1655] Building CXX object esp-idf/esp_matter/CMakeFiles/__idf_esp_matter.dir/workspace/esp-matter/connectedhomeip/connectedhomeip/src/app/clusters/fixed-label-server/fixed-label-cluster.cpp.obj
[1511/1655] Building CXX object esp-idf/esp_matter/CMakeFiles/__idf_esp_matter.dir/workspace/esp-matter/connectedhomeip/connectedhomeip/src/app/clusters/fault-injection-server/fault-injection-server.cpp.obj
[1512/1655] Building CXX object esp-idf/esp_matter/CMakeFiles/__idf_esp_matter.dir/workspace/esp-matter/connectedhomeip/connectedhomeip/src/app/clusters/general-commissioning-server/general-commissioning-cluster.cpp.obj
[1513/1655] Building CXX object esp-idf/esp_matter/CMakeFiles/__idf_esp_matter.dir/workspace/esp-matter/connectedhomeip/connectedhomeip/src/app/clusters/general-diagnostics-server/GenericFaultTestEventTriggerHandler.cpp.obj
[1514/1655] Building CXX object esp-idf/esp_matter/CMakeFiles/__idf_esp_matter.dir/workspace/esp-matter/connectedhomeip/connectedhomeip/src/app/clusters/groups-server/groups-server.cpp.obj
[1515/1655] Building CXX object esp-idf/esp_matter/CMakeFiles/__idf_esp_matter.dir/workspace/esp-matter/connectedhomeip/connectedhomeip/src/app/clusters/general-diagnostics-server/general-diagnostics-cluster.cpp.obj
[1516/1655] Building CXX object esp-idf/esp_matter/CMakeFiles/__idf_esp_matter.dir/workspace/esp-matter/connectedhomeip/connectedhomeip/src/app/clusters/group-key-mgmt-server/group-key-mgmt-cluster.cpp.obj
[1517/1655] Building CXX object esp-idf/esp_matter/CMakeFiles/__idf_esp_matter.dir/workspace/esp-matter/connectedhomeip/connectedhomeip/src/app/clusters/icd-management-server/ICDManagementCluster.cpp.obj
[1518/1655] Building CXX object esp-idf/esp_matter/CMakeFiles/__idf_esp_matter.dir/workspace/esp-matter/connectedhomeip/connectedhomeip/src/app/clusters/identify-server/IdentifyCluster.cpp.obj
[1519/1655] Building CXX object esp-idf/esp_matter/CMakeFiles/__idf_esp_matter.dir/workspace/esp-matter/connectedhomeip/connectedhomeip/src/app/clusters/joint-fabric-datastore-server/joint-fabric-datastore-server.cpp.obj
[1520/1655] Building CXX object esp-idf/esp_matter/CMakeFiles/__idf_esp_matter.dir/workspace/esp-matter/connectedhomeip/connectedhomeip/src/app/clusters/keypad-input-server/keypad-input-server.cpp.obj
[1521/1655] Building CXX object esp-idf/esp_matter/CMakeFiles/__idf_esp_matter.dir/workspace/esp-matter/connectedhomeip/connectedhomeip/src/app/clusters/joint-fabric-administrator-server/joint-fabric-administrator-server.cpp.obj
[1522/1655] Building CXX object esp-idf/esp_matter/CMakeFiles/__idf_esp_matter.dir/workspace/esp-matter/connectedhomeip/connectedhomeip/src/app/clusters/network-commissioning/ThreadScanResponse.cpp.obj
[1523/1655] Building CXX object esp-idf/esp_matter/CMakeFiles/__idf_esp_matter.dir/workspace/esp-matter/connectedhomeip/connectedhomeip/src/app/clusters/network-commissioning/WifiScanResponse.cpp.obj
[1524/1655] Building CXX object esp-idf/esp_matter/CMakeFiles/__idf_esp_matter.dir/workspace/esp-matter/connectedhomeip/connectedhomeip/src/app/clusters/level-control/level-control.cpp.obj
[1525/1655] Building CXX object esp-idf/esp_matter/CMakeFiles/__idf_esp_matter.dir/workspace/esp-matter/connectedhomeip/connectedhomeip/src/app/clusters/localization-configuration-server/localization-configuration-cluster.cpp.obj
[1526/1655] Building CXX object esp-idf/esp_matter/CMakeFiles/__idf_esp_matter.dir/workspace/esp-matter/connectedhomeip/connectedhomeip/src/app/clusters/low-power-server/low-power-server.cpp.obj
[1527/1655] Building CXX object esp-idf/esp_matter/CMakeFiles/__idf_esp_matter.dir/workspace/esp-matter/connectedhomeip/connectedhomeip/src/app/clusters/media-input-server/media-input-server.cpp.obj
[1528/1655] Building CXX object esp-idf/esp_matter/CMakeFiles/__idf_esp_matter.dir/workspace/esp-matter/connectedhomeip/connectedhomeip/src/app/clusters/media-playback-server/media-playback-server.cpp.obj
[1529/1655] Building CXX object esp-idf/esp_matter/CMakeFiles/__idf_esp_matter.dir/workspace/esp-matter/connectedhomeip/connectedhomeip/src/app/clusters/messages-server/messages-server.cpp.obj
[1530/1655] Building CXX object esp-idf/esp_matter/CMakeFiles/__idf_esp_matter.dir/workspace/esp-matter/connectedhomeip/connectedhomeip/src/app/clusters/microwave-oven-control-server/microwave-oven-control-server.cpp.obj
[1531/1655] Building CXX object esp-idf/esp_matter/CMakeFiles/__idf_esp_matter.dir/workspace/esp-matter/connectedhomeip/connectedhomeip/src/app/clusters/mode-select-server/mode-select-server.cpp.obj
[1532/1655] Building CXX object esp-idf/esp_matter/CMakeFiles/__idf_esp_matter.dir/workspace/esp-matter/connectedhomeip/connectedhomeip/src/app/clusters/network-commissioning/NetworkCommissioningCluster.cpp.obj
[1533/1655] Building CXX object esp-idf/esp_matter/CMakeFiles/__idf_esp_matter.dir/workspace/esp-matter/connectedhomeip/connectedhomeip/src/app/clusters/ota-provider/ota-provider-cluster.cpp.obj
[1534/1655] Building CXX object esp-idf/esp_matter/CMakeFiles/__idf_esp_matter.dir/workspace/esp-matter/connectedhomeip/connectedhomeip/src/app/clusters/push-av-stream-transport-server/push-av-stream-transport-cluster.cpp.obj
[1535/1655] Building CXX object esp-idf/esp_matter/CMakeFiles/__idf_esp_matter.dir/workspace/esp-matter/connectedhomeip/connectedhomeip/src/app/clusters/sample-mei-server/sample-mei-server.cpp.obj
[1536/1655] Building CXX object esp-idf/esp_matter/CMakeFiles/__idf_esp_matter.dir/workspace/esp-matter/connectedhomeip/connectedhomeip/src/app/clusters/occupancy-sensor-server/occupancy-sensor-server.cpp.obj
[1537/1655] Building CXX object esp-idf/esp_matter/CMakeFiles/__idf_esp_matter.dir/workspace/esp-matter/connectedhomeip/connectedhomeip/src/app/clusters/power-topology-server/power-topology-server.cpp.obj
[1538/1655] Building CXX object esp-idf/esp_matter/CMakeFiles/__idf_esp_matter.dir/workspace/esp-matter/connectedhomeip/connectedhomeip/src/app/clusters/on-off-server/on-off-server.cpp.obj
[1539/1655] Building CXX object esp-idf/esp_matter/CMakeFiles/__idf_esp_matter.dir/workspace/esp-matter/connectedhomeip/connectedhomeip/src/app/clusters/push-av-stream-transport-server/push-av-stream-transport-logic.cpp.obj
[1540/1655] Building CXX object esp-idf/esp_matter/CMakeFiles/__idf_esp_matter.dir/workspace/esp-matter/connectedhomeip/connectedhomeip/src/app/clusters/operational-state-server/operational-state-server.cpp.obj
[1541/1655] Building CXX object esp-idf/esp_matter/CMakeFiles/__idf_esp_matter.dir/workspace/esp-matter/connectedhomeip/connectedhomeip/src/app/clusters/operational-credentials-server/operational-credentials-cluster.cpp.obj
[1542/1655] Building CXX object esp-idf/esp_matter/CMakeFiles/__idf_esp_matter.dir/workspace/esp-matter/connectedhomeip/connectedhomeip/src/app/clusters/ota-requestor/BDXDownloader.cpp.obj
[1543/1655] Building CXX object esp-idf/esp_matter/CMakeFiles/__idf_esp_matter.dir/workspace/esp-matter/connectedhomeip/connectedhomeip/src/app/clusters/scenes-server/ExtensionFieldSetsImpl.cpp.obj
[1544/1655] Building CXX object esp-idf/esp_matter/CMakeFiles/__idf_esp_matter.dir/workspace/esp-matter/connectedhomeip/connectedhomeip/src/app/clusters/ota-requestor/DefaultOTARequestorStorage.cpp.obj
[1545/1655] Building CXX object esp-idf/esp_matter/CMakeFiles/__idf_esp_matter.dir/workspace/esp-matter/connectedhomeip/connectedhomeip/src/app/clusters/ota-requestor/DefaultOTARequestorDriver.cpp.obj
[1546/1655] Building CXX object esp-idf/esp_matter/CMakeFiles/__idf_esp_matter.dir/workspace/esp-matter/connectedhomeip/connectedhomeip/src/app/clusters/ota-requestor/OTATestEventTriggerHandler.cpp.obj
[1547/1655] Building CXX object esp-idf/esp_matter/CMakeFiles/__idf_esp_matter.dir/workspace/esp-matter/connectedhomeip/connectedhomeip/src/app/clusters/ota-requestor/DefaultOTARequestor.cpp.obj
[1548/1655] Building CXX object esp-idf/esp_matter/CMakeFiles/__idf_esp_matter.dir/workspace/esp-matter/connectedhomeip/connectedhomeip/src/app/clusters/ota-requestor/ExtendedOTARequestorDriver.cpp.obj
[1549/1655] Building CXX object esp-idf/esp_matter/CMakeFiles/__idf_esp_matter.dir/workspace/esp-matter/connectedhomeip/connectedhomeip/src/app/clusters/ota-requestor/ota-requestor-server.cpp.obj
[1550/1655] Building CXX object esp-idf/esp_matter/CMakeFiles/__idf_esp_matter.dir/workspace/esp-matter/connectedhomeip/connectedhomeip/src/app/clusters/power-source-server/power-source-server.cpp.obj
[1551/1655] Building CXX object esp-idf/esp_matter/CMakeFiles/__idf_esp_matter.dir/workspace/esp-matter/connectedhomeip/connectedhomeip/src/app/clusters/power-source-configuration-server/power-source-configuration-server.cpp.obj
[1552/1655] Building CXX object esp-idf/esp_matter/CMakeFiles/__idf_esp_matter.dir/workspace/esp-matter/connectedhomeip/connectedhomeip/src/app/clusters/pump-configuration-and-control-server/pump-configuration-and-control-server.cpp.obj
[1553/1655] Building CXX object esp-idf/esp_matter/CMakeFiles/__idf_esp_matter.dir/workspace/esp-matter/connectedhomeip/connectedhomeip/src/app/clusters/software-diagnostics-server/software-fault-listener.cpp.obj
[1554/1655] Building CXX object esp-idf/esp_matter/CMakeFiles/__idf_esp_matter.dir/workspace/esp-matter/connectedhomeip/connectedhomeip/src/app/clusters/refrigerator-alarm-server/refrigerator-alarm-server.cpp.obj
[1555/1655] Building CXX object esp-idf/esp_matter/CMakeFiles/__idf_esp_matter.dir/workspace/esp-matter/connectedhomeip/connectedhomeip/src/app/clusters/scenes-server/SceneHandlerImpl.cpp.obj
[1556/1655] Building CXX object esp-idf/esp_matter/CMakeFiles/__idf_esp_matter.dir/workspace/esp-matter/connectedhomeip/connectedhomeip/src/app/clusters/scenes-server/SceneTableImpl.cpp.obj
[1557/1655] Building CXX object esp-idf/esp_matter/CMakeFiles/__idf_esp_matter.dir/workspace/esp-matter/connectedhomeip/connectedhomeip/src/app/clusters/thermostat-server/ThermostatSuggestionStructWithOwnedMembers.cpp.obj
[1558/1655] Building CXX object esp-idf/esp_matter/CMakeFiles/__idf_esp_matter.dir/workspace/esp-matter/connectedhomeip/connectedhomeip/src/app/clusters/service-area-server/service-area-storage-delegate.cpp.obj
[1559/1655] Building CXX object esp-idf/esp_matter/CMakeFiles/__idf_esp_matter.dir/workspace/esp-matter/connectedhomeip/connectedhomeip/src/app/clusters/scenes-server/scenes-server.cpp.obj
[1560/1655] Building CXX object esp-idf/esp_matter/CMakeFiles/__idf_esp_matter.dir/workspace/esp-matter/connectedhomeip/connectedhomeip/src/app/clusters/smoke-co-alarm-server/smoke-co-alarm-server.cpp.obj
[1561/1655] Building CXX object esp-idf/esp_matter/CMakeFiles/__idf_esp_matter.dir/workspace/esp-matter/connectedhomeip/connectedhomeip/src/app/clusters/service-area-server/service-area-server.cpp.obj
[1562/1655] Building CXX object esp-idf/esp_matter/CMakeFiles/__idf_esp_matter.dir/workspace/esp-matter/connectedhomeip/connectedhomeip/src/app/clusters/software-diagnostics-server/software-diagnostics-logic.cpp.obj
[1563/1655] Building CXX object esp-idf/esp_matter/CMakeFiles/__idf_esp_matter.dir/workspace/esp-matter/connectedhomeip/connectedhomeip/src/app/clusters/soil-measurement-server/soil-measurement-cluster.cpp.obj
[1564/1655] Building CXX object esp-idf/esp_matter/CMakeFiles/__idf_esp_matter.dir/workspace/esp-matter/connectedhomeip/connectedhomeip/src/app/clusters/switch-server/switch-server.cpp.obj
[1565/1655] Building CXX object esp-idf/esp_matter/CMakeFiles/__idf_esp_matter.dir/workspace/esp-matter/connectedhomeip/connectedhomeip/src/app/clusters/thermostat-server/PresetStructWithOwnedMembers.cpp.obj
[1566/1655] Building CXX object esp-idf/esp_matter/CMakeFiles/__idf_esp_matter.dir/workspace/esp-matter/connectedhomeip/connectedhomeip/src/app/clusters/target-navigator-server/target-navigator-server.cpp.obj
[1567/1655] Building CXX object esp-idf/esp_matter/CMakeFiles/__idf_esp_matter.dir/workspace/esp-matter/connectedhomeip/connectedhomeip/src/app/clusters/thread-network-directory-server/DefaultThreadNetworkDirectoryStorage.cpp.obj
[1568/1655] Building CXX object esp-idf/esp_matter/CMakeFiles/__idf_esp_matter.dir/workspace/esp-matter/connectedhomeip/connectedhomeip/src/app/clusters/temperature-control-server/temperature-control-server.cpp.obj
[1569/1655] Building CXX object esp-idf/esp_matter/CMakeFiles/__idf_esp_matter.dir/workspace/esp-matter/connectedhomeip/connectedhomeip/src/app/clusters/thermostat-server/thermostat-server-atomic.cpp.obj
[1570/1655] Building CXX object esp-idf/esp_matter/CMakeFiles/__idf_esp_matter.dir/workspace/esp-matter/connectedhomeip/connectedhomeip/src/app/clusters/thermostat-server/thermostat-server-presets.cpp.obj
[1571/1655] Building CXX object esp-idf/esp_matter/CMakeFiles/__idf_esp_matter.dir/workspace/esp-matter/connectedhomeip/connectedhomeip/src/app/clusters/thermostat-user-interface-configuration-server/thermostat-user-interface-configuration-server.cpp.obj
[1572/1655] Building CXX object esp-idf/esp_matter/CMakeFiles/__idf_esp_matter.dir/workspace/esp-matter/connectedhomeip/connectedhomeip/src/app/clusters/thermostat-server/thermostat-server-suggestions.cpp.obj
[1573/1655] Building CXX object esp-idf/esp_matter/CMakeFiles/__idf_esp_matter.dir/workspace/esp-matter/connectedhomeip/connectedhomeip/src/app/clusters/thread-network-diagnostics-server/thread-network-diagnostics-provider.cpp.obj
In file included from /workspace/esp-matter/connectedhomeip/connectedhomeip/src/app/AttributeReportBuilder.h:20,
                 from /workspace/esp-matter/connectedhomeip/connectedhomeip/src/app/AttributeValueEncoder.h:21,
                 from /workspace/esp-matter/connectedhomeip/connectedhomeip/src/app/clusters/thread-network-diagnostics-server/thread-network-diagnostics-provider.h:22,
                 from /workspace/esp-matter/connectedhomeip/connectedhomeip/src/app/clusters/thread-network-diagnostics-server/thread-network-diagnostics-provider.cpp:18:
In member function 'CHIP_ERROR chip::app::AttributeValueEncoder::Encode(const T&) [with T = chip::app::Clusters::ThreadNetworkDiagnostics::RoutingRoleEnum; typename std::enable_if<(IsBaseType<T> && IsMatterEnum<T>), bool>::type <anonymous> = true]',
    inlined from 'CHIP_ERROR chip::app::Clusters::ThreadNetworkDiagnostics::WriteThreadNetworkDiagnosticAttributeToTlv(chip::AttributeId, chip::app::AttributeValueEncoder&)' at /workspace/esp-matter/connectedhomeip/connectedhomeip/src/app/clusters/thread-network-diagnostics-server/thread-network-diagnostics-provider.cpp:148:29:
/workspace/esp-matter/connectedhomeip/connectedhomeip/src/app/data-model/Encode.h:82:9: warning: 'routingRole' may be used uninitialized [-Wmaybe-uninitialized]
   82 |         if (value == std::remove_reference_t<decltype(value)>::kUnknownEnumValue)                                                  \
      |         ^~
/workspace/esp-matter/connectedhomeip/connectedhomeip/src/app/AttributeValueEncoder.h:172:9: note: in expansion of macro 'CHIP_DM_ENCODING_MAYBE_FAIL_UNKNOWN_ENUM_VALUE'
  172 |         CHIP_DM_ENCODING_MAYBE_FAIL_UNKNOWN_ENUM_VALUE(aArg);
      |         ^~~~~~~~~~~~~~~~~~~~~~~~~~~~~~~~~~~~~~~~~~~~~~
/workspace/esp-matter/connectedhomeip/connectedhomeip/src/app/clusters/thread-network-diagnostics-server/thread-network-diagnostics-provider.cpp: In function 'CHIP_ERROR chip::app::Clusters::ThreadNetworkDiagnostics::WriteThreadNetworkDiagnosticAttributeToTlv(chip::AttributeId, chip::app::AttributeValueEncoder&)':
/workspace/esp-matter/connectedhomeip/connectedhomeip/src/app/clusters/thread-network-diagnostics-server/thread-network-diagnostics-provider.cpp:109:25: note: 'routingRole' was declared here
  109 |         RoutingRoleEnum routingRole;
      |                         ^~~~~~~~~~~
[1574/1655] Building CXX object esp-idf/esp_matter/CMakeFiles/__idf_esp_matter.dir/workspace/esp-matter/connectedhomeip/connectedhomeip/src/app/clusters/thermostat-server/thermostat-server.cpp.obj
[1575/1655] Building CXX object esp-idf/esp_matter/CMakeFiles/__idf_esp_matter.dir/workspace/esp-matter/connectedhomeip/connectedhomeip/src/app/clusters/thread-border-router-management-server/thread-border-router-management-server.cpp.obj
[1576/1655] Building CXX object esp-idf/esp_matter/CMakeFiles/__idf_esp_matter.dir/workspace/esp-matter/connectedhomeip/connectedhomeip/src/app/clusters/thread-network-diagnostics-server/thread-network-diagnostics-server.cpp.obj
[1577/1655] Building CXX object esp-idf/esp_matter/CMakeFiles/__idf_esp_matter.dir/workspace/esp-matter/connectedhomeip/connectedhomeip/src/app/clusters/time-synchronization-server/DefaultTimeSyncDelegate.cpp.obj
[1578/1655] Building CXX object esp-idf/esp_matter/CMakeFiles/__idf_esp_matter.dir/workspace/esp-matter/connectedhomeip/connectedhomeip/src/app/clusters/time-format-localization-server/time-format-localization-cluster.cpp.obj
[1579/1655] Building CXX object esp-idf/esp_matter/CMakeFiles/__idf_esp_matter.dir/workspace/esp-matter/connectedhomeip/connectedhomeip/src/app/clusters/time-synchronization-server/TimeSyncDataProvider.cpp.obj
[1580/1655] Building CXX object esp-idf/esp_matter/CMakeFiles/__idf_esp_matter.dir/workspace/esp-matter/connectedhomeip/connectedhomeip/src/app/clusters/unit-localization-server/unit-localization-server.cpp.obj
[1581/1655] Building CXX object esp-idf/esp_matter/CMakeFiles/__idf_esp_matter.dir/workspace/esp-matter/connectedhomeip/connectedhomeip/src/app/clusters/thread-network-directory-server/thread-network-directory-server.cpp.obj
[1582/1655] Building CXX object esp-idf/esp_matter/CMakeFiles/__idf_esp_matter.dir/workspace/esp-matter/connectedhomeip/connectedhomeip/src/app/clusters/time-synchronization-server/time-synchronization-cluster.cpp.obj
[1583/1655] Building CXX object esp-idf/esp_matter/CMakeFiles/__idf_esp_matter.dir/workspace/esp-matter/connectedhomeip/connectedhomeip/src/app/clusters/tls-certificate-management-server/CertificateTableImpl.cpp.obj
[1584/1655] Building CXX object esp-idf/esp_matter/CMakeFiles/__idf_esp_matter.dir/workspace/esp-matter/connectedhomeip/connectedhomeip/src/app/clusters/tls-certificate-management-server/tls-certificate-management-server.cpp.obj
[1585/1655] Building CXX object esp-idf/esp_matter/CMakeFiles/__idf_esp_matter.dir/workspace/esp-matter/connectedhomeip/connectedhomeip/src/app/clusters/webrtc-transport-requestor-server/webrtc-transport-requestor-cluster.cpp.obj
[1586/1655] Building CXX object esp-idf/esp_matter/CMakeFiles/__idf_esp_matter.dir/workspace/esp-matter/connectedhomeip/connectedhomeip/src/app/clusters/tls-client-management-server/tls-client-management-server.cpp.obj
[1587/1655] Building CXX object esp-idf/esp_matter/CMakeFiles/__idf_esp_matter.dir/workspace/esp-matter/connectedhomeip/connectedhomeip/src/app/clusters/wake-on-lan-server/wake-on-lan-server.cpp.obj
[1588/1655] Building CXX object esp-idf/esp_matter/CMakeFiles/__idf_esp_matter.dir/workspace/esp-matter/connectedhomeip/connectedhomeip/src/app/clusters/user-label-server/user-label-cluster.cpp.obj
[1589/1655] Building CXX object esp-idf/esp_matter/CMakeFiles/__idf_esp_matter.dir/workspace/esp-matter/connectedhomeip/connectedhomeip/src/app/clusters/test-cluster-server/test-cluster-server.cpp.obj
[1590/1655] Building CXX object esp-idf/esp_matter/CMakeFiles/__idf_esp_matter.dir/workspace/esp-matter/connectedhomeip/connectedhomeip/src/app/clusters/valve-configuration-and-control-server/valve-configuration-and-control-cluster.cpp.obj
[1591/1655] Building CXX object esp-idf/esp_matter/CMakeFiles/__idf_esp_matter.dir/workspace/esp-matter/connectedhomeip/connectedhomeip/src/app/clusters/laundry-washer-controls-server/laundry-washer-controls-server.cpp.obj
[1592/1655] Building CXX object esp-idf/esp_matter/CMakeFiles/__idf_esp_matter.dir/workspace/esp-matter/connectedhomeip/connectedhomeip/src/app/clusters/webrtc-transport-provider-server/webrtc-transport-provider-server.cpp.obj
[1593/1655] Building CXX object esp-idf/esp_matter/CMakeFiles/__idf_esp_matter.dir/workspace/esp-matter/connectedhomeip/connectedhomeip/src/app/clusters/laundry-dryer-controls-server/laundry-dryer-controls-server.cpp.obj
[1594/1655] Building CXX object esp-idf/esp_matter/CMakeFiles/__idf_esp_matter.dir/workspace/esp-matter/connectedhomeip/connectedhomeip/src/app/clusters/wifi-network-diagnostics-server/wifi-network-diagnostics-cluster.cpp.obj
[1595/1655] Building CXX object esp-idf/esp_matter/CMakeFiles/__idf_esp_matter.dir/workspace/esp-matter/connectedhomeip/connectedhomeip/src/app/clusters/wifi-network-management-server/wifi-network-management-server.cpp.obj
[1596/1655] Building CXX object esp-idf/esp_matter/CMakeFiles/__idf_esp_matter.dir/workspace/esp-matter/connectedhomeip/connectedhomeip/src/app/clusters/window-covering-server/window-covering-server.cpp.obj
[1597/1655] Building CXX object esp-idf/esp_matter/CMakeFiles/__idf_esp_matter.dir/workspace/esp-matter/connectedhomeip/connectedhomeip/src/app/clusters/water-heater-management-server/water-heater-management-server.cpp.obj
[1598/1655] Building CXX object esp-idf/esp_matter/CMakeFiles/__idf_esp_matter.dir/data_model/esp_matter_attribute_bounds.cpp.obj
[1599/1655] Building CXX object esp-idf/esp_matter/CMakeFiles/__idf_esp_matter.dir/workspace/esp-matter/connectedhomeip/connectedhomeip/src/app/clusters/zone-management-server/zone-management-server.cpp.obj
[1600/1655] Building CXX object esp-idf/esp_matter/CMakeFiles/__idf_esp_matter.dir/data_model/esp_matter_attribute_utils.cpp.obj
[1601/1655] Building CXX object esp-idf/esp_matter/CMakeFiles/__idf_esp_matter.dir/data_model_provider/esp_matter_plugin_server_init_callbacks.cpp.obj
[1602/1655] Building CXX object esp-idf/esp_matter/CMakeFiles/__idf_esp_matter.dir/data_model/esp_matter_attribute.cpp.obj
[1603/1655] Building CXX object esp-idf/esp_matter/CMakeFiles/__idf_esp_matter.dir/data_model/esp_matter_cluster.cpp.obj
[1604/1655] Building CXX object esp-idf/esp_matter/CMakeFiles/__idf_esp_matter.dir/data_model/esp_matter_command.cpp.obj
[1605/1655] Building CXX object esp-idf/esp_matter/CMakeFiles/__idf_esp_matter.dir/data_model/esp_matter_data_model.cpp.obj
[1606/1655] Building CXX object esp-idf/esp_matter/CMakeFiles/__idf_esp_matter.dir/data_model/esp_matter_delegate_callbacks.cpp.obj
[1607/1655] Building CXX object esp-idf/esp_matter/CMakeFiles/__idf_esp_matter.dir/data_model/esp_matter_endpoint.cpp.obj
[1608/1655] Building CXX object esp-idf/esp_matter/CMakeFiles/__idf_esp_matter.dir/data_model/esp_matter_event.cpp.obj
[1609/1655] Building CXX object esp-idf/esp_matter/CMakeFiles/__idf_esp_matter.dir/data_model_provider/esp_matter_attr_data_buffer.cpp.obj
[1610/1655] Building CXX object esp-idf/esp_matter/CMakeFiles/__idf_esp_matter.dir/data_model/esp_matter_feature.cpp.obj
[1611/1655] Building CXX object esp-idf/esp_matter/CMakeFiles/__idf_esp_matter.dir/data_model_provider/esp_matter_ember_stubs.cpp.obj
[1612/1655] Building CXX object esp-idf/esp_matter/CMakeFiles/__idf_esp_matter.dir/data_model_provider/esp_matter_data_model_provider.cpp.obj
[1613/1655] Building CXX object esp-idf/esp_matter/CMakeFiles/__idf_esp_matter.dir/data_model_provider/clusters/access_control_integration.cpp.obj
[1614/1655] Building CXX object esp-idf/esp_matter/CMakeFiles/__idf_esp_matter.dir/data_model_provider/clusters/administrator_commissioning_integration.cpp.obj
[1615/1655] Building CXX object esp-idf/esp_matter/CMakeFiles/__idf_esp_matter.dir/data_model_provider/clusters/basic_information_integration.cpp.obj
[1616/1655] Building CXX object esp-idf/esp_matter/CMakeFiles/__idf_esp_matter.dir/data_model_provider/clusters/boolean_state_integration.cpp.obj
[1617/1655] Building CXX object esp-idf/esp_matter/CMakeFiles/__idf_esp_matter.dir/data_model_provider/clusters/binding_integration.cpp.obj
[1618/1655] Building CXX object esp-idf/esp_matter/CMakeFiles/__idf_esp_matter.dir/data_model_provider/clusters/descriptor_integration.cpp.obj
[1619/1655] Building CXX object esp-idf/esp_matter/CMakeFiles/__idf_esp_matter.dir/data_model_provider/clusters/diagnostic_logs_integration.cpp.obj
[1620/1655] Building CXX object esp-idf/esp_matter/CMakeFiles/__idf_esp_matter.dir/data_model_provider/clusters/ethernet_network_diagnostics_integration.cpp.obj
[1621/1655] Building CXX object esp-idf/esp_matter/CMakeFiles/__idf_esp_matter.dir/data_model_provider/clusters/fixed_label_integration.cpp.obj
[1622/1655] Building CXX object esp-idf/esp_matter/CMakeFiles/__idf_esp_matter.dir/data_model_provider/clusters/general_commissioning_integration.cpp.obj
[1623/1655] Building CXX object esp-idf/esp_matter/CMakeFiles/__idf_esp_matter.dir/data_model_provider/clusters/general_diagnostics_integration.cpp.obj
[1624/1655] Building CXX object esp-idf/esp_matter/CMakeFiles/__idf_esp_matter.dir/data_model_provider/clusters/group_key_management_integration.cpp.obj
[1625/1655] Building CXX object esp-idf/esp_matter/CMakeFiles/__idf_esp_matter.dir/data_model/private/esp_matter_nvs.cpp.obj
[1626/1655] Building CXX object esp-idf/esp_matter/CMakeFiles/__idf_esp_matter.dir/data_model_provider/clusters/groupcast_integration.cpp.obj
[1627/1655] Building CXX object esp-idf/esp_matter/CMakeFiles/__idf_esp_matter.dir/data_model_provider/clusters/identify_integration.cpp.obj
[1628/1655] Building CXX object esp-idf/esp_matter/CMakeFiles/__idf_esp_matter.dir/workspace/esp-matter/connectedhomeip/connectedhomeip/src/app/StorageDelegateWrapper.cpp.obj
[1629/1655] Building CXX object esp-idf/esp_matter/CMakeFiles/__idf_esp_matter.dir/data_model_provider/clusters/localization_configuration_integration.cpp.obj
[1630/1655] Building CXX object esp-idf/esp_matter/CMakeFiles/__idf_esp_matter.dir/workspace/esp-matter/connectedhomeip/connectedhomeip/src/app/SafeAttributePersistenceProvider.cpp.obj
[1631/1655] Building CXX object esp-idf/esp_matter/CMakeFiles/__idf_esp_matter.dir/data_model_provider/clusters/network_commissioning_integration.cpp.obj
[1632/1655] Building CXX object esp-idf/esp_matter/CMakeFiles/__idf_esp_matter.dir/data_model_provider/clusters/ota_provider_integration.cpp.obj
[1633/1655] Building CXX object esp-idf/esp_matter/CMakeFiles/__idf_esp_matter.dir/data_model_provider/clusters/operational_credentials_integration.cpp.obj
[1634/1655] Building CXX object esp-idf/esp_matter/CMakeFiles/__idf_esp_matter.dir/data_model_provider/clusters/push_av_stream_transport_integration.cpp.obj
[1635/1655] Building CXX object esp-idf/esp_matter/CMakeFiles/__idf_esp_matter.dir/data_model_provider/clusters/software_diagnostics_integration.cpp.obj
[1636/1655] Building CXX object esp-idf/esp_matter/CMakeFiles/__idf_esp_matter.dir/data_model_provider/clusters/time_format_localization_integration.cpp.obj
[1637/1655] Building CXX object esp-idf/esp_matter/CMakeFiles/__idf_esp_matter.dir/data_model_provider/clusters/user_label_integration.cpp.obj
[1638/1655] Building CXX object esp-idf/esp_matter/CMakeFiles/__idf_esp_matter.dir/data_model_provider/clusters/wifi_network_diagnostic_integration.cpp.obj
[1639/1655] Building CXX object esp-idf/esp_matter_bridge/CMakeFiles/__idf_esp_matter_bridge.dir/esp_matter_console_bridge.cpp.obj
[1640/1655] Building CXX object esp-idf/esp_matter_bridge/CMakeFiles/__idf_esp_matter_bridge.dir/esp_matter_bridge.cpp.obj
[1641/1655] Building CXX object esp-idf/app_bridge/CMakeFiles/__idf_app_bridge.dir/app_bridged_device.cpp.obj
[1642/1655] Building CXX object esp-idf/main/CMakeFiles/__idf_main.dir/app_main.cpp.obj
FAILED: esp-idf/main/CMakeFiles/__idf_main.dir/app_main.cpp.obj 
ccache /opt/esp/tools/riscv32-esp-elf/esp-14.2.0_20241119/riscv32-esp-elf/bin/riscv32-esp-elf-g++ -DESP_MDNS_VERSION_NUMBER=\"1.9.1\" -DESP_PLATFORM -DIDF_VER=\"v5.4.1\" -DMBEDTLS_CONFIG_FILE=\"mbedtls/esp_config.h\" -DOPENTHREAD_CONFIG_FILE=\"openthread-core-esp32x-mtd-config.h\" -DOPENTHREAD_MTD=1 -DOPENTHREAD_PROJECT_LIB_CONFIG_FILE=\"openthread-core-esp32x-mtd-config.h\" -DSOC_MMU_PAGE_SIZE=CONFIG_MMU_PAGE_SIZE -DSOC_XTAL_FREQ_MHZ=CONFIG_XTAL_FREQ -D_GLIBCXX_HAVE_POSIX_SEMAPHORE -D_GLIBCXX_USE_POSIX_SEMAPHORE -D_GNU_SOURCE -D_POSIX_READER_WRITER_LOCKS -I/project/GitHub/esp32c6_xiao/c6_matter_thread_sd40_v1_oled/build/config -I/project/GitHub/esp32c6_xiao/c6_matter_thread_sd40_v1_oled/main -I/project/GitHub/esp32c6_xiao/c6_matter_thread_sd40_v1_oled/main/include -I/opt/esp/idf/components/newlib/platform_include -I/opt/esp/idf/components/freertos/config/include -I/opt/esp/idf/components/freertos/config/include/freertos -I/opt/esp/idf/components/freertos/config/riscv/include -I/opt/esp/idf/components/freertos/FreeRTOS-Kernel/include -I/opt/esp/idf/components/freertos/FreeRTOS-Kernel/portable/riscv/include -I/opt/esp/idf/components/freertos/FreeRTOS-Kernel/portable/riscv/include/freertos -I/opt/esp/idf/components/freertos/esp_additions/include -I/opt/esp/idf/components/esp_hw_support/include -I/opt/esp/idf/components/esp_hw_support/include/soc -I/opt/esp/idf/components/esp_hw_support/include/soc/esp32c6 -I/opt/esp/idf/components/esp_hw_support/dma/include -I/opt/esp/idf/components/esp_hw_support/ldo/include -I/opt/esp/idf/components/esp_hw_support/debug_probe/include -I/opt/esp/idf/components/esp_hw_support/port/esp32c6/. -I/opt/esp/idf/components/esp_hw_support/port/esp32c6/include -I/opt/esp/idf/components/esp_hw_support/port/esp32c6/private_include -I/opt/esp/idf/components/heap/include -I/opt/esp/idf/components/heap/tlsf -I/opt/esp/idf/components/log/include -I/opt/esp/idf/components/soc/include -I/opt/esp/idf/components/soc/esp32c6 -I/opt/esp/idf/components/soc/esp32c6/include -I/opt/esp/idf/components/soc/esp32c6/register -I/opt/esp/idf/components/hal/platform_port/include -I/opt/esp/idf/components/hal/esp32c6/include -I/opt/esp/idf/components/hal/include -I/opt/esp/idf/components/esp_rom/include -I/opt/esp/idf/components/esp_rom/esp32c6/include -I/opt/esp/idf/components/esp_rom/esp32c6/include/esp32c6 -I/opt/esp/idf/components/esp_rom/esp32c6 -I/opt/esp/idf/components/esp_common/include -I/opt/esp/idf/components/esp_system/include -I/opt/esp/idf/components/esp_system/port/soc -I/opt/esp/idf/components/esp_system/port/include/riscv -I/opt/esp/idf/components/esp_system/port/include/private -I/opt/esp/idf/components/riscv/include -I/opt/esp/idf/components/lwip/include -I/opt/esp/idf/components/lwip/include/apps -I/opt/esp/idf/components/lwip/include/apps/sntp -I/opt/esp/idf/components/lwip/lwip/src/include -I/opt/esp/idf/components/lwip/port/include -I/opt/esp/idf/components/lwip/port/freertos/include -I/opt/esp/idf/components/lwip/port/esp32xx/include -I/opt/esp/idf/components/lwip/port/esp32xx/include/arch -I/opt/esp/idf/components/lwip/port/esp32xx/include/sys -I/opt/esp/idf/components/nvs_flash/include -I/opt/esp/idf/components/esp_partition/include -I/opt/esp/idf/components/driver/deprecated -I/opt/esp/idf/components/driver/i2c/include -I/opt/esp/idf/components/driver/touch_sensor/include -I/opt/esp/idf/components/driver/twai/include -I/opt/esp/idf/components/esp_pm/include -I/opt/esp/idf/components/esp_ringbuf/include -I/opt/esp/idf/components/esp_driver_gpio/include -I/opt/esp/idf/components/esp_driver_pcnt/include -I/opt/esp/idf/components/esp_driver_gptimer/include -I/opt/esp/idf/components/esp_driver_spi/include -I/opt/esp/idf/components/esp_driver_mcpwm/include -I/opt/esp/idf/components/esp_driver_ana_cmpr/include -I/opt/esp/idf/components/esp_driver_i2s/include -I/opt/esp/idf/components/esp_driver_sdmmc/include -I/opt/esp/idf/components/sdmmc/include -I/opt/esp/idf/components/esp_driver_sdspi/include -I/opt/esp/idf/components/esp_driver_sdio/include -I/opt/esp/idf/components/esp_driver_dac/include -I/opt/esp/idf/components/esp_driver_rmt/include -I/opt/esp/idf/components/esp_driver_tsens/include -I/opt/esp/idf/components/esp_driver_sdm/include -I/opt/esp/idf/components/esp_driver_i2c/include -I/opt/esp/idf/components/esp_driver_uart/include -I/opt/esp/idf/components/vfs/include -I/opt/esp/idf/components/esp_driver_ledc/include -I/opt/esp/idf/components/esp_driver_parlio/include -I/opt/esp/idf/components/esp_driver_usb_serial_jtag/include -I/opt/esp/idf/components/esp_event/include -I/opt/esp/idf/components/esp_timer/include -I/opt/esp/idf/components/esp_netif/include -I/opt/esp/idf/components/openthread/include -I/opt/esp/idf/components/openthread/openthread/include -I/workspace/esp-matter/components/esp_matter -I/workspace/esp-matter/components/esp_matter/utils -I/workspace/esp-matter/components/esp_matter/data_model_provider -I/workspace/esp-matter/connectedhomeip/connectedhomeip/zzz_generated/app-common -I/workspace/esp-matter/connectedhomeip/connectedhomeip/third_party/nlfaultinjection/include -I/workspace/esp-matter/connectedhomeip/connectedhomeip/src -I/workspace/esp-matter/components/esp_matter/zap_common -I/workspace/esp-matter/components/esp_matter/data_model -I/workspace/esp-matter/connectedhomeip/connectedhomeip/src/platform/ESP32 -I/workspace/esp-matter/connectedhomeip/connectedhomeip/src/platform/OpenThread -I/workspace/esp-matter/connectedhomeip/connectedhomeip/src/include -I/workspace/esp-matter/connectedhomeip/connectedhomeip/src/lib -I/workspace/esp-matter/connectedhomeip/connectedhomeip/examples/platform/esp32 -I/workspace/esp-matter/connectedhomeip/connectedhomeip/third_party/nlassert/repo/include -I/workspace/esp-matter/connectedhomeip/connectedhomeip/third_party/nlio/repo/include -I/project/GitHub/esp32c6_xiao/c6_matter_thread_sd40_v1_oled/build/esp-idf/chip/src/include -I/project/GitHub/esp32c6_xiao/c6_matter_thread_sd40_v1_oled/build/esp-idf/chip/include -I/project/GitHub/esp32c6_xiao/c6_matter_thread_sd40_v1_oled/build/esp-idf/chip/gen/include -I/workspace/esp-matter/connectedhomeip/connectedhomeip/config/esp32 -I/workspace/esp-matter/connectedhomeip/connectedhomeip/config/esp32/../.. -I/project/GitHub/esp32c6_xiao/c6_matter_thread_sd40_v1_oled/managed_components/espressif__esp_delta_ota/include -I/project/GitHub/esp32c6_xiao/c6_matter_thread_sd40_v1_oled/managed_components/espressif__esp_encrypted_img/include -I/project/GitHub/esp32c6_xiao/c6_matter_thread_sd40_v1_oled/managed_components/espressif__esp_insights/include -I/project/GitHub/esp32c6_xiao/c6_matter_thread_sd40_v1_oled/managed_components/espressif__esp_diagnostics/include -I/opt/esp/idf/components/console -I/opt/esp/idf/components/esp_vfs_console/include -I/opt/esp/idf/components/esp_wifi/include -I/opt/esp/idf/components/esp_wifi/include/local -I/opt/esp/idf/components/esp_wifi/wifi_apps/include -I/opt/esp/idf/components/esp_wifi/wifi_apps/nan_app/include -I/opt/esp/idf/components/esp_phy/include -I/opt/esp/idf/components/esp_phy/esp32c6/include -I/project/GitHub/esp32c6_xiao/c6_matter_thread_sd40_v1_oled/managed_components/espressif__mdns/include -I/workspace/esp-matter/components/esp_matter_console -I/opt/esp/idf/components/app_update/include -I/opt/esp/idf/components/bootloader_support/include -I/opt/esp/idf/components/bootloader_support/bootloader_flash/include -I/opt/esp/idf/components/esp_app_format/include -I/opt/esp/idf/components/esp_bootloader_format/include -I/project/GitHub/esp32c6_xiao/c6_matter_thread_sd40_v1_oled/managed_components/espressif__esp_secure_cert_mgr/include -I/opt/esp/idf/components/spi_flash/include -I/opt/esp/idf/components/mbedtls/port/include -I/opt/esp/idf/components/mbedtls/mbedtls/include -I/opt/esp/idf/components/mbedtls/mbedtls/library -I/opt/esp/idf/components/mbedtls/esp_crt_bundle/include -I/opt/esp/idf/components/mbedtls/mbedtls/3rdparty/everest/include -I/opt/esp/idf/components/mbedtls/mbedtls/3rdparty/p256-m -I/opt/esp/idf/components/mbedtls/mbedtls/3rdparty/p256-m/p256-m -I/opt/esp/idf/components/json/cJSON -I/project/GitHub/esp32c6_xiao/c6_matter_thread_sd40_v1_oled/components/oled_display/include -I/workspace/esp-matter/device_hal/button_driver/button/include -I/opt/esp/idf/components/esp_adc/include -I/opt/esp/idf/components/esp_adc/interface -I/opt/esp/idf/components/esp_adc/esp32c6/include -I/opt/esp/idf/components/esp_adc/deprecated/include -march=rv32imac_zicsr_zifencei  -fdiagnostics-color=always -fdiagnostics-color=always -ffunction-sections -fdata-sections -Wall -Werror=all -Wno-error=unused-function -Wno-error=unused-variable -Wno-error=unused-but-set-variable -Wno-error=deprecated-declarations -Wextra -Wno-error=extra -Wno-unused-parameter -Wno-sign-compare -Wno-enum-conversion -gdwarf-4 -ggdb -nostartfiles -Og -fno-shrink-wrap -fmacro-prefix-map=/project/GitHub/esp32c6_xiao/c6_matter_thread_sd40_v1_oled=. -fmacro-prefix-map=/opt/esp/idf=/IDF -fstrict-volatile-bitfields -fno-jump-tables -fno-tree-switch-conversion -Wno-error=uninitialized -Wno-error=maybe-uninitialized -Wno-missing-field-initializers -Wno-error=array-bounds -Wno-write-strings -Wno-format-nonliteral -Wno-format-security -std=gnu++2b -fno-exceptions -fno-rtti -fuse-cxa-atexit -std=gnu++17 -Os -DCHIP_HAVE_CONFIG_H -Wno-overloaded-virtual "-DCHIP_ADDRESS_RESOLVE_IMPL_INCLUDE_HEADER=<lib/address_resolve/AddressResolve_DefaultImpl.h>" -MD -MT esp-idf/main/CMakeFiles/__idf_main.dir/app_main.cpp.obj -MF esp-idf/main/CMakeFiles/__idf_main.dir/app_main.cpp.obj.d -o esp-idf/main/CMakeFiles/__idf_main.dir/app_main.cpp.obj -c /project/GitHub/esp32c6_xiao/c6_matter_thread_sd40_v1_oled/main/app_main.cpp
/project/GitHub/esp32c6_xiao/c6_matter_thread_sd40_v1_oled/main/app_main.cpp: In function 'esp_err_t app_thread_get_info(thread_info_t*)':
/project/GitHub/esp32c6_xiao/c6_matter_thread_sd40_v1_oled/main/app_main.cpp:406:13: error: 'otThreadGetRouterInfo' was not declared in this scope; did you mean 'otThreadGetParentInfo'?
  406 |         if (otThreadGetRouterInfo(ot_instance, i, &router_info) == OT_ERROR_NONE) {
      |             ^~~~~~~~~~~~~~~~~~~~~
      |             otThreadGetParentInfo
/project/GitHub/esp32c6_xiao/c6_matter_thread_sd40_v1_oled/main/app_main.cpp:406:13: note: maximum limit of 1000 namespaces searched for 'otThreadGetRouterInfo'
/project/GitHub/esp32c6_xiao/c6_matter_thread_sd40_v1_oled/main/app_main.cpp: In function 'esp_err_t app_matter_update_attributes(uint16_t, const scd40_data_t*)':
/project/GitHub/esp32c6_xiao/c6_matter_thread_sd40_v1_oled/main/app_main.cpp:534:55: error: could not convert '& co2_float' from 'float*' to 'nullable<float>'
  534 |                             esp_matter_nullable_float(&co2_float));
      |                                                       ^~~~~~~~~~
      |                                                       |
      |                                                       float*
/project/GitHub/esp32c6_xiao/c6_matter_thread_sd40_v1_oled/main/app_main.cpp:544:55: error: invalid conversion from 'int16_t*' {aka 'short int*'} to 'short int' [-fpermissive]
  544 |                             esp_matter_nullable_int16(&temp_val));
      |                                                       ^~~~~~~~~
      |                                                       |
      |                                                       int16_t* {aka short int*}
In file included from /workspace/esp-matter/components/esp_matter/data_model/esp_matter_data_model.h:17,
                 from /workspace/esp-matter/components/esp_matter/data_model/esp_matter_attribute.h:17,
                 from /workspace/esp-matter/components/esp_matter/esp_matter.h:24,
                 from /project/GitHub/esp32c6_xiao/c6_matter_thread_sd40_v1_oled/main/app_main.cpp:48:
/workspace/esp-matter/components/esp_matter/data_model/esp_matter_attribute_utils.h:173:16: note:   initializing argument 1 of 'nullable<T>::nullable(T) [with T = short int]'
  173 |     nullable(T value)
      |              ~~^~~~~
/project/GitHub/esp32c6_xiao/c6_matter_thread_sd40_v1_oled/main/app_main.cpp:544:54: error: cannot convert 'esp_matter_attr_val_t' to 'esp_matter_attr_val_t*'
  544 |                             esp_matter_nullable_int16(&temp_val));
      |                             ~~~~~~~~~~~~~~~~~~~~~~~~~^~~~~~~~~~~
      |                                                      |
      |                                                      esp_matter_attr_val_t
/workspace/esp-matter/components/esp_matter/data_model/esp_matter_attribute_utils.h:408:107: note:   initializing argument 4 of 'esp_err_t esp_matter::attribute::update(uint16_t, uint32_t, uint32_t, esp_matter_attr_val_t*)'
  408 | esp_err_t update(uint16_t endpoint_id, uint32_t cluster_id, uint32_t attribute_id, esp_matter_attr_val_t *val);
      |                                                                                    ~~~~~~~~~~~~~~~~~~~~~~~^~~
/project/GitHub/esp32c6_xiao/c6_matter_thread_sd40_v1_oled/main/app_main.cpp:554:56: error: invalid conversion from 'uint16_t*' {aka 'short unsigned int*'} to 'short unsigned int' [-fpermissive]
  554 |                             esp_matter_nullable_uint16(&hum_val));
      |                                                        ^~~~~~~~
      |                                                        |
      |                                                        uint16_t* {aka short unsigned int*}
/workspace/esp-matter/components/esp_matter/data_model/esp_matter_attribute_utils.h:173:16: note:   initializing argument 1 of 'nullable<T>::nullable(T) [with T = short unsigned int]'
  173 |     nullable(T value)
      |              ~~^~~~~
/project/GitHub/esp32c6_xiao/c6_matter_thread_sd40_v1_oled/main/app_main.cpp:554:55: error: cannot convert 'esp_matter_attr_val_t' to 'esp_matter_attr_val_t*'
  554 |                             esp_matter_nullable_uint16(&hum_val));
      |                             ~~~~~~~~~~~~~~~~~~~~~~~~~~^~~~~~~~~~
      |                                                       |
      |                                                       esp_matter_attr_val_t
/workspace/esp-matter/components/esp_matter/data_model/esp_matter_attribute_utils.h:408:107: note:   initializing argument 4 of 'esp_err_t esp_matter::attribute::update(uint16_t, uint32_t, uint32_t, esp_matter_attr_val_t*)'
  408 | esp_err_t update(uint16_t endpoint_id, uint32_t cluster_id, uint32_t attribute_id, esp_matter_attr_val_t *val);
      |                                                                                    ~~~~~~~~~~~~~~~~~~~~~~~^~~
/project/GitHub/esp32c6_xiao/c6_matter_thread_sd40_v1_oled/main/app_main.cpp: In function 'esp_err_t create_matter_device()':
/project/GitHub/esp32c6_xiao/c6_matter_thread_sd40_v1_oled/main/app_main.cpp:678:14: error: 'esp_matter::cluster::temperature_measurement::config_t' {aka 'struct esp_matter::cluster::temperature_measurement::config'} has no member named 'temperature_measurement'
  678 |     temp_cfg.temperature_measurement.measured_value = nullable<int16_t>(2500);  // 25.00 C
      |              ^~~~~~~~~~~~~~~~~~~~~~~
/project/GitHub/esp32c6_xiao/c6_matter_thread_sd40_v1_oled/main/app_main.cpp:679:14: error: 'esp_matter::cluster::temperature_measurement::config_t' {aka 'struct esp_matter::cluster::temperature_measurement::config'} has no member named 'temperature_measurement'
  679 |     temp_cfg.temperature_measurement.min_measured_value = nullable<int16_t>(-4000);  // -40 C
      |              ^~~~~~~~~~~~~~~~~~~~~~~
/project/GitHub/esp32c6_xiao/c6_matter_thread_sd40_v1_oled/main/app_main.cpp:680:14: error: 'esp_matter::cluster::temperature_measurement::config_t' {aka 'struct esp_matter::cluster::temperature_measurement::config'} has no member named 'temperature_measurement'
  680 |     temp_cfg.temperature_measurement.max_measured_value = nullable<int16_t>(8500);   // 85 C
      |              ^~~~~~~~~~~~~~~~~~~~~~~
/project/GitHub/esp32c6_xiao/c6_matter_thread_sd40_v1_oled/main/app_main.cpp:689:13: error: 'esp_matter::cluster::relative_humidity_measurement::config_t' {aka 'struct esp_matter::cluster::relative_humidity_measurement::config'} has no member named 'relative_humidity_measurement'
  689 |     hum_cfg.relative_humidity_measurement.measured_value = nullable<uint16_t>(5000);  // 50.00%
      |             ^~~~~~~~~~~~~~~~~~~~~~~~~~~~~
/project/GitHub/esp32c6_xiao/c6_matter_thread_sd40_v1_oled/main/app_main.cpp:690:13: error: 'esp_matter::cluster::relative_humidity_measurement::config_t' {aka 'struct esp_matter::cluster::relative_humidity_measurement::config'} has no member named 'relative_humidity_measurement'
  690 |     hum_cfg.relative_humidity_measurement.min_measured_value = nullable<uint16_t>(0);
      |             ^~~~~~~~~~~~~~~~~~~~~~~~~~~~~
/project/GitHub/esp32c6_xiao/c6_matter_thread_sd40_v1_oled/main/app_main.cpp:691:13: error: 'esp_matter::cluster::relative_humidity_measurement::config_t' {aka 'struct esp_matter::cluster::relative_humidity_measurement::config'} has no member named 'relative_humidity_measurement'
  691 |     hum_cfg.relative_humidity_measurement.max_measured_value = nullable<uint16_t>(10000);  // 100%
      |             ^~~~~~~~~~~~~~~~~~~~~~~~~~~~~
/project/GitHub/esp32c6_xiao/c6_matter_thread_sd40_v1_oled/main/app_main.cpp:700:13: error: 'using esp_matter::cluster::carbon_dioxide_concentration_measurement::config_t = esp_matter::cluster::concentration_measurement::config_t' {aka 'struct esp_matter::cluster::concentration_measurement::config'} has no member named 'carbon_dioxide_concentration_measurement'
  700 |     co2_cfg.carbon_dioxide_concentration_measurement.measured_value = nullable<float>(400.0f);
      |             ^~~~~~~~~~~~~~~~~~~~~~~~~~~~~~~~~~~~~~~~
/project/GitHub/esp32c6_xiao/c6_matter_thread_sd40_v1_oled/main/app_main.cpp:701:13: error: 'using esp_matter::cluster::carbon_dioxide_concentration_measurement::config_t = esp_matter::cluster::concentration_measurement::config_t' {aka 'struct esp_matter::cluster::concentration_measurement::config'} has no member named 'carbon_dioxide_concentration_measurement'
  701 |     co2_cfg.carbon_dioxide_concentration_measurement.min_measured_value = nullable<float>(0.0f);
      |             ^~~~~~~~~~~~~~~~~~~~~~~~~~~~~~~~~~~~~~~~
/project/GitHub/esp32c6_xiao/c6_matter_thread_sd40_v1_oled/main/app_main.cpp:702:13: error: 'using esp_matter::cluster::carbon_dioxide_concentration_measurement::config_t = esp_matter::cluster::concentration_measurement::config_t' {aka 'struct esp_matter::cluster::concentration_measurement::config'} has no member named 'carbon_dioxide_concentration_measurement'
  702 |     co2_cfg.carbon_dioxide_concentration_measurement.max_measured_value = nullable<float>(10000.0f);
      |             ^~~~~~~~~~~~~~~~~~~~~~~~~~~~~~~~~~~~~~~~
[1643/1655] Building CXX object esp-idf/app_reset/CMakeFiles/__idf_app_reset.dir/app_reset.cpp.obj
[1644/1655] Building CXX object esp-idf/main/CMakeFiles/__idf_main.dir/app_reset.cpp.obj
FAILED: esp-idf/main/CMakeFiles/__idf_main.dir/app_reset.cpp.obj 
ccache /opt/esp/tools/riscv32-esp-elf/esp-14.2.0_20241119/riscv32-esp-elf/bin/riscv32-esp-elf-g++ -DESP_MDNS_VERSION_NUMBER=\"1.9.1\" -DESP_PLATFORM -DIDF_VER=\"v5.4.1\" -DMBEDTLS_CONFIG_FILE=\"mbedtls/esp_config.h\" -DOPENTHREAD_CONFIG_FILE=\"openthread-core-esp32x-mtd-config.h\" -DOPENTHREAD_MTD=1 -DOPENTHREAD_PROJECT_LIB_CONFIG_FILE=\"openthread-core-esp32x-mtd-config.h\" -DSOC_MMU_PAGE_SIZE=CONFIG_MMU_PAGE_SIZE -DSOC_XTAL_FREQ_MHZ=CONFIG_XTAL_FREQ -D_GLIBCXX_HAVE_POSIX_SEMAPHORE -D_GLIBCXX_USE_POSIX_SEMAPHORE -D_GNU_SOURCE -D_POSIX_READER_WRITER_LOCKS -I/project/GitHub/esp32c6_xiao/c6_matter_thread_sd40_v1_oled/build/config -I/project/GitHub/esp32c6_xiao/c6_matter_thread_sd40_v1_oled/main -I/project/GitHub/esp32c6_xiao/c6_matter_thread_sd40_v1_oled/main/include -I/opt/esp/idf/components/newlib/platform_include -I/opt/esp/idf/components/freertos/config/include -I/opt/esp/idf/components/freertos/config/include/freertos -I/opt/esp/idf/components/freertos/config/riscv/include -I/opt/esp/idf/components/freertos/FreeRTOS-Kernel/include -I/opt/esp/idf/components/freertos/FreeRTOS-Kernel/portable/riscv/include -I/opt/esp/idf/components/freertos/FreeRTOS-Kernel/portable/riscv/include/freertos -I/opt/esp/idf/components/freertos/esp_additions/include -I/opt/esp/idf/components/esp_hw_support/include -I/opt/esp/idf/components/esp_hw_support/include/soc -I/opt/esp/idf/components/esp_hw_support/include/soc/esp32c6 -I/opt/esp/idf/components/esp_hw_support/dma/include -I/opt/esp/idf/components/esp_hw_support/ldo/include -I/opt/esp/idf/components/esp_hw_support/debug_probe/include -I/opt/esp/idf/components/esp_hw_support/port/esp32c6/. -I/opt/esp/idf/components/esp_hw_support/port/esp32c6/include -I/opt/esp/idf/components/esp_hw_support/port/esp32c6/private_include -I/opt/esp/idf/components/heap/include -I/opt/esp/idf/components/heap/tlsf -I/opt/esp/idf/components/log/include -I/opt/esp/idf/components/soc/include -I/opt/esp/idf/components/soc/esp32c6 -I/opt/esp/idf/components/soc/esp32c6/include -I/opt/esp/idf/components/soc/esp32c6/register -I/opt/esp/idf/components/hal/platform_port/include -I/opt/esp/idf/components/hal/esp32c6/include -I/opt/esp/idf/components/hal/include -I/opt/esp/idf/components/esp_rom/include -I/opt/esp/idf/components/esp_rom/esp32c6/include -I/opt/esp/idf/components/esp_rom/esp32c6/include/esp32c6 -I/opt/esp/idf/components/esp_rom/esp32c6 -I/opt/esp/idf/components/esp_common/include -I/opt/esp/idf/components/esp_system/include -I/opt/esp/idf/components/esp_system/port/soc -I/opt/esp/idf/components/esp_system/port/include/riscv -I/opt/esp/idf/components/esp_system/port/include/private -I/opt/esp/idf/components/riscv/include -I/opt/esp/idf/components/lwip/include -I/opt/esp/idf/components/lwip/include/apps -I/opt/esp/idf/components/lwip/include/apps/sntp -I/opt/esp/idf/components/lwip/lwip/src/include -I/opt/esp/idf/components/lwip/port/include -I/opt/esp/idf/components/lwip/port/freertos/include -I/opt/esp/idf/components/lwip/port/esp32xx/include -I/opt/esp/idf/components/lwip/port/esp32xx/include/arch -I/opt/esp/idf/components/lwip/port/esp32xx/include/sys -I/opt/esp/idf/components/nvs_flash/include -I/opt/esp/idf/components/esp_partition/include -I/opt/esp/idf/components/driver/deprecated -I/opt/esp/idf/components/driver/i2c/include -I/opt/esp/idf/components/driver/touch_sensor/include -I/opt/esp/idf/components/driver/twai/include -I/opt/esp/idf/components/esp_pm/include -I/opt/esp/idf/components/esp_ringbuf/include -I/opt/esp/idf/components/esp_driver_gpio/include -I/opt/esp/idf/components/esp_driver_pcnt/include -I/opt/esp/idf/components/esp_driver_gptimer/include -I/opt/esp/idf/components/esp_driver_spi/include -I/opt/esp/idf/components/esp_driver_mcpwm/include -I/opt/esp/idf/components/esp_driver_ana_cmpr/include -I/opt/esp/idf/components/esp_driver_i2s/include -I/opt/esp/idf/components/esp_driver_sdmmc/include -I/opt/esp/idf/components/sdmmc/include -I/opt/esp/idf/components/esp_driver_sdspi/include -I/opt/esp/idf/components/esp_driver_sdio/include -I/opt/esp/idf/components/esp_driver_dac/include -I/opt/esp/idf/components/esp_driver_rmt/include -I/opt/esp/idf/components/esp_driver_tsens/include -I/opt/esp/idf/components/esp_driver_sdm/include -I/opt/esp/idf/components/esp_driver_i2c/include -I/opt/esp/idf/components/esp_driver_uart/include -I/opt/esp/idf/components/vfs/include -I/opt/esp/idf/components/esp_driver_ledc/include -I/opt/esp/idf/components/esp_driver_parlio/include -I/opt/esp/idf/components/esp_driver_usb_serial_jtag/include -I/opt/esp/idf/components/esp_event/include -I/opt/esp/idf/components/esp_timer/include -I/opt/esp/idf/components/esp_netif/include -I/opt/esp/idf/components/openthread/include -I/opt/esp/idf/components/openthread/openthread/include -I/workspace/esp-matter/components/esp_matter -I/workspace/esp-matter/components/esp_matter/utils -I/workspace/esp-matter/components/esp_matter/data_model_provider -I/workspace/esp-matter/connectedhomeip/connectedhomeip/zzz_generated/app-common -I/workspace/esp-matter/connectedhomeip/connectedhomeip/third_party/nlfaultinjection/include -I/workspace/esp-matter/connectedhomeip/connectedhomeip/src -I/workspace/esp-matter/components/esp_matter/zap_common -I/workspace/esp-matter/components/esp_matter/data_model -I/workspace/esp-matter/connectedhomeip/connectedhomeip/src/platform/ESP32 -I/workspace/esp-matter/connectedhomeip/connectedhomeip/src/platform/OpenThread -I/workspace/esp-matter/connectedhomeip/connectedhomeip/src/include -I/workspace/esp-matter/connectedhomeip/connectedhomeip/src/lib -I/workspace/esp-matter/connectedhomeip/connectedhomeip/examples/platform/esp32 -I/workspace/esp-matter/connectedhomeip/connectedhomeip/third_party/nlassert/repo/include -I/workspace/esp-matter/connectedhomeip/connectedhomeip/third_party/nlio/repo/include -I/project/GitHub/esp32c6_xiao/c6_matter_thread_sd40_v1_oled/build/esp-idf/chip/src/include -I/project/GitHub/esp32c6_xiao/c6_matter_thread_sd40_v1_oled/build/esp-idf/chip/include -I/project/GitHub/esp32c6_xiao/c6_matter_thread_sd40_v1_oled/build/esp-idf/chip/gen/include -I/workspace/esp-matter/connectedhomeip/connectedhomeip/config/esp32 -I/workspace/esp-matter/connectedhomeip/connectedhomeip/config/esp32/../.. -I/project/GitHub/esp32c6_xiao/c6_matter_thread_sd40_v1_oled/managed_components/espressif__esp_delta_ota/include -I/project/GitHub/esp32c6_xiao/c6_matter_thread_sd40_v1_oled/managed_components/espressif__esp_encrypted_img/include -I/project/GitHub/esp32c6_xiao/c6_matter_thread_sd40_v1_oled/managed_components/espressif__esp_insights/include -I/project/GitHub/esp32c6_xiao/c6_matter_thread_sd40_v1_oled/managed_components/espressif__esp_diagnostics/include -I/opt/esp/idf/components/console -I/opt/esp/idf/components/esp_vfs_console/include -I/opt/esp/idf/components/esp_wifi/include -I/opt/esp/idf/components/esp_wifi/include/local -I/opt/esp/idf/components/esp_wifi/wifi_apps/include -I/opt/esp/idf/components/esp_wifi/wifi_apps/nan_app/include -I/opt/esp/idf/components/esp_phy/include -I/opt/esp/idf/components/esp_phy/esp32c6/include -I/project/GitHub/esp32c6_xiao/c6_matter_thread_sd40_v1_oled/managed_components/espressif__mdns/include -I/workspace/esp-matter/components/esp_matter_console -I/opt/esp/idf/components/app_update/include -I/opt/esp/idf/components/bootloader_support/include -I/opt/esp/idf/components/bootloader_support/bootloader_flash/include -I/opt/esp/idf/components/esp_app_format/include -I/opt/esp/idf/components/esp_bootloader_format/include -I/project/GitHub/esp32c6_xiao/c6_matter_thread_sd40_v1_oled/managed_components/espressif__esp_secure_cert_mgr/include -I/opt/esp/idf/components/spi_flash/include -I/opt/esp/idf/components/mbedtls/port/include -I/opt/esp/idf/components/mbedtls/mbedtls/include -I/opt/esp/idf/components/mbedtls/mbedtls/library -I/opt/esp/idf/components/mbedtls/esp_crt_bundle/include -I/opt/esp/idf/components/mbedtls/mbedtls/3rdparty/everest/include -I/opt/esp/idf/components/mbedtls/mbedtls/3rdparty/p256-m -I/opt/esp/idf/components/mbedtls/mbedtls/3rdparty/p256-m/p256-m -I/opt/esp/idf/components/json/cJSON -I/project/GitHub/esp32c6_xiao/c6_matter_thread_sd40_v1_oled/components/oled_display/include -I/workspace/esp-matter/device_hal/button_driver/button/include -I/opt/esp/idf/components/esp_adc/include -I/opt/esp/idf/components/esp_adc/interface -I/opt/esp/idf/components/esp_adc/esp32c6/include -I/opt/esp/idf/components/esp_adc/deprecated/include -march=rv32imac_zicsr_zifencei  -fdiagnostics-color=always -fdiagnostics-color=always -ffunction-sections -fdata-sections -Wall -Werror=all -Wno-error=unused-function -Wno-error=unused-variable -Wno-error=unused-but-set-variable -Wno-error=deprecated-declarations -Wextra -Wno-error=extra -Wno-unused-parameter -Wno-sign-compare -Wno-enum-conversion -gdwarf-4 -ggdb -nostartfiles -Og -fno-shrink-wrap -fmacro-prefix-map=/project/GitHub/esp32c6_xiao/c6_matter_thread_sd40_v1_oled=. -fmacro-prefix-map=/opt/esp/idf=/IDF -fstrict-volatile-bitfields -fno-jump-tables -fno-tree-switch-conversion -Wno-error=uninitialized -Wno-error=maybe-uninitialized -Wno-missing-field-initializers -Wno-error=array-bounds -Wno-write-strings -Wno-format-nonliteral -Wno-format-security -std=gnu++2b -fno-exceptions -fno-rtti -fuse-cxa-atexit -std=gnu++17 -Os -DCHIP_HAVE_CONFIG_H -Wno-overloaded-virtual "-DCHIP_ADDRESS_RESOLVE_IMPL_INCLUDE_HEADER=<lib/address_resolve/AddressResolve_DefaultImpl.h>" -MD -MT esp-idf/main/CMakeFiles/__idf_main.dir/app_reset.cpp.obj -MF esp-idf/main/CMakeFiles/__idf_main.dir/app_reset.cpp.obj.d -o esp-idf/main/CMakeFiles/__idf_main.dir/app_reset.cpp.obj -c /project/GitHub/esp32c6_xiao/c6_matter_thread_sd40_v1_oled/main/app_reset.cpp
/project/GitHub/esp32c6_xiao/c6_matter_thread_sd40_v1_oled/main/app_reset.cpp: In function 'esp_err_t app_reset_button_init()':
/project/GitHub/esp32c6_xiao/c6_matter_thread_sd40_v1_oled/main/app_reset.cpp:170:5: error: 'button_config_t' has no non-static data member named 'type'
  170 |     };
      |     ^
/project/GitHub/esp32c6_xiao/c6_matter_thread_sd40_v1_oled/main/app_reset.cpp:172:22: error: 'iot_button_create' was not declared in this scope; did you mean 'iot_button_delete'?
  172 |     s_reset_button = iot_button_create(&btn_cfg);
      |                      ^~~~~~~~~~~~~~~~~
      |                      iot_button_delete
/project/GitHub/esp32c6_xiao/c6_matter_thread_sd40_v1_oled/main/app_reset.cpp:172:22: note: maximum limit of 1000 namespaces searched for 'iot_button_create'
/project/GitHub/esp32c6_xiao/c6_matter_thread_sd40_v1_oled/main/app_reset.cpp:181:33: error: cannot convert 'void (*)(void*, void*)' to 'button_event_args_t*'
  181 |     ret = iot_button_register_cb(s_reset_button, BUTTON_PRESS_DOWN,
      |           ~~~~~~~~~~~~~~~~~~~~~~^~~~~~~~~~~~~~~~~~~~~~~~~~~~~~~~~~~
      |                                 |
      |                                 void (*)(void*, void*)
  182 |                                   button_press_down_callback, NULL);
      |                                   ~~~~~~~~~~~~~~~~~~~~~~~~~~~~~~~~~
In file included from /project/GitHub/esp32c6_xiao/c6_matter_thread_sd40_v1_oled/main/app_reset.cpp:15:
/workspace/esp-matter/device_hal/button_driver/button/include/iot_button.h:127:105: note:   initializing argument 3 of 'esp_err_t iot_button_register_cb(button_handle_t, button_event_t, button_event_args_t*, button_cb_t, void*)'
  127 | esp_err_t iot_button_register_cb(button_handle_t btn_handle, button_event_t event, button_event_args_t *event_args, button_cb_t cb, void *usr_data);
      |                                                                                    ~~~~~~~~~~~~~~~~~~~~~^~~~~~~~~~
/project/GitHub/esp32c6_xiao/c6_matter_thread_sd40_v1_oled/main/app_reset.cpp:187:33: error: cannot convert 'void (*)(void*, void*)' to 'button_event_args_t*'
  187 |     ret = iot_button_register_cb(s_reset_button, BUTTON_PRESS_UP,
      |           ~~~~~~~~~~~~~~~~~~~~~~^~~~~~~~~~~~~~~~~~~~~~~~~~~~~~~~~
      |                                 |
      |                                 void (*)(void*, void*)
  188 |                                   button_press_up_callback, NULL);
      |                                   ~~~~~~~~~~~~~~~~~~~~~~~~~~~~~~~
/workspace/esp-matter/device_hal/button_driver/button/include/iot_button.h:127:105: note:   initializing argument 3 of 'esp_err_t iot_button_register_cb(button_handle_t, button_event_t, button_event_args_t*, button_cb_t, void*)'
  127 | esp_err_t iot_button_register_cb(button_handle_t btn_handle, button_event_t event, button_event_args_t *event_args, button_cb_t cb, void *usr_data);
      |                                                                                    ~~~~~~~~~~~~~~~~~~~~~^~~~~~~~~~
/project/GitHub/esp32c6_xiao/c6_matter_thread_sd40_v1_oled/main/app_reset.cpp:193:33: error: cannot convert 'void (*)(void*, void*)' to 'button_event_args_t*'
  193 |     ret = iot_button_register_cb(s_reset_button, BUTTON_SINGLE_CLICK,
      |           ~~~~~~~~~~~~~~~~~~~~~~^~~~~~~~~~~~~~~~~~~~~~~~~~~~~~~~~~~~~
      |                                 |
      |                                 void (*)(void*, void*)
  194 |                                   button_single_click_callback, NULL);
      |                                   ~~~~~~~~~~~~~~~~~~~~~~~~~~~~~~~~~~~
/workspace/esp-matter/device_hal/button_driver/button/include/iot_button.h:127:105: note:   initializing argument 3 of 'esp_err_t iot_button_register_cb(button_handle_t, button_event_t, button_event_args_t*, button_cb_t, void*)'
  127 | esp_err_t iot_button_register_cb(button_handle_t btn_handle, button_event_t event, button_event_args_t *event_args, button_cb_t cb, void *usr_data);
      |                                                                                    ~~~~~~~~~~~~~~~~~~~~~^~~~~~~~~~
/project/GitHub/esp32c6_xiao/c6_matter_thread_sd40_v1_oled/main/app_reset.cpp:199:33: error: cannot convert 'void (*)(void*, void*)' to 'button_event_args_t*'
  199 |     ret = iot_button_register_cb(s_reset_button, BUTTON_LONG_PRESS_START,
      |           ~~~~~~~~~~~~~~~~~~~~~~^~~~~~~~~~~~~~~~~~~~~~~~~~~~~~~~~~~~~~~~~
      |                                 |
      |                                 void (*)(void*, void*)
  200 |                                   button_long_press_callback, NULL);
      |                                   ~~~~~~~~~~~~~~~~~~~~~~~~~~~~~~~~~
/workspace/esp-matter/device_hal/button_driver/button/include/iot_button.h:127:105: note:   initializing argument 3 of 'esp_err_t iot_button_register_cb(button_handle_t, button_event_t, button_event_args_t*, button_cb_t, void*)'
  127 | esp_err_t iot_button_register_cb(button_handle_t btn_handle, button_event_t event, button_event_args_t *event_args, button_cb_t cb, void *usr_data);
      |                                                                                    ~~~~~~~~~~~~~~~~~~~~~^~~~~~~~~~
[1645/1655] Linking C static library esp-idf/esp_matter/libesp_matter.a
ninja: build stopped: subcommand failed.
ninja failed with exit code 1, output of the command is in the /project/GitHub/esp32c6_xiao/c6_matter_thread_sd40_v1_oled/build/log/idf_py_stderr_output_16713 and /project/GitHub/esp32c6_xiao/c6_matter_thread_sd40_v1_oled/build/log/idf_py_stdout_output_16713
